Sample_Name,Sample_Date,Product_Base,Product_Type,Batch_Number,Moisture_min,Moisture_max,pH_min,pH_max,Viscosity_min,Viscosity_max,thru_USS_20,thru_USS_40,thru_USS_60,thru_USS_80,thru_USS_100,thru_USS_200,Amylose,Amylopectin,dp_6_to_12,dp_13_to_24,dp_25_to_36,dp_greater_37,Protein,Total_Carbohydrate,Dietary_Fiber,Fat,Ash,Bostwick,Yield_Repl_1,Yield_Repl_2,Yield_Repl_3,Yield_Repl_4,Yield_Repl_5,Vol_Repl_1,Vol_Repl_2,Vol_Repl_3,Vol_Repl_4,Vol_Repl_5,No_Hole_Repl_1,No_Hole_Repl_2,No_Hole_Repl_3,No_Hole_Repl_4,No_Hole_Repl_5,Cell_Dia_Repl_1,Cell_Dia_Repl_2,Cell_Dia_Repl_3,Cell_Dia_Repl_4,Cell_Dia_Repl_5,Color_L_Val_Repl_1,Color_L_Val_Repl_2,Color_L_Val_Repl_3,Color_L_Val_Repl_4,Color_L_Val_Repl_5,Color_a_Val_Repl_1,Color_a_Val_Repl_2,Color_a_Val_Repl_3,Color_a_Val_Repl_4,Color_a_Val_Repl_5,Color_b_Val_Repl_1,Color_b_Val_Repl_2,Color_b_Val_Repl_3,Color_b_Val_Repl_4,Color_b_Val_Repl_5,Init_Firmness_Repl_1,Init_Firmness_Repl_2,Init_Firmness_Repl_3,Init_Firmness_Repl_4,Init_Firmness_Repl_5,Shelf_Life_Firmness_Repl_1,Shelf_Life_Firmness_Repl_2,Shelf_Life_Firmness_Repl_3,Shelf_Life_Firmness_Repl_4,Shelf_Life_Firmness_Repl_5,Shelf-Life Stability,Freeze_Thaw_Firmness_Repl_1,Freeze_Thaw_Firmness_Repl_2,Freeze_Thaw_Firmness_Repl_3,Freeze_Thaw_Firmness_Repl_4,Freeze_Thaw_Firmness_Repl_5,Freeze-Thaw Stability,Moisture_Day_1,Moisture_Day_7,Water_Activity_Day_1,Water_Activity_Day_7,Firmness,Denseness,Cohesiveness_of_Mass,Moisture_Absorption,Amount_of_Particulates,Flavor_Intensity,Action_Status
HOMECRAFT® Create GF 10 (Control),02-12-2020,Rice and Tapioca,Cook Up,DKI0198,10,14,5,7.5,,600,,,,,,,18.6,81.4,18.66,49.84,12.96,18.54,5.6,83.2,0,0.9,0.1,5.5,88.59%,88.30%,90.13%,89.44%,90.56%,97.22,98.13,101.93,99.99,102.14,1.994209329,0.999956143,1.481397216,1.976261108,1.369811084,2.15815724,3.662790733,2.36521328,2.846093485,2.723378359,55.01,53.81,54.81,54.9,55.01,-5.17,-3.77,-4.33,-4.13,-5.17,29.73,32.07,30.05,33.47,29.73,637.597,625.905,691.095,719.334,676.656,1784.327,1757.897,1859.252,1835.687,1924.499,173.43%,448.218,502.333,546.081,457.843,463.722,-27.83%,21%,20%,0.87,0.86,0,0,0,0,0,0,0
NOVATION® 3600,02-12-2020,Tapioca,Cook Up,LKG2562,x,15,5,6.5,400,680,,,,,95%,85%,17,83,17.3,40.4,15.6,26.7,0.1,89.7,0,0.1,0.1,7.75,90.21%,84.93%,87.74%,92.08%,90.89%,126.45,125.17,122.16,125.35,126.93,0.344867279,0.809856621,1.996879098,0.028873351,1.0015735,2.386521938,2.09869243,2.311082237,2.343710895,2.037492862,47.65,45.05,46.7,49.27,48.59,0.13,-0.65,-0.51,0.26,0.76,31.49,29.27,30.25,32.45,32.72,508.972,499.43,496.205,425.587,346.701,1584.839,1464.271,1735.548,1603.726,1235.472,234.84%,274.178,317.535,271.251,221.169,274.525,-40.33%,21%,20%,0.89,0.88,1,0,0,1,1,0,1
HOMECRAFT® Create 390,02-12-2020,Tapioca,Cook Up,LHI0137,10,13,4.8,6.5,,,,90%,,,,,17,83,17.3,40.4,15.6,26.7,0.1,89.7,0,0.1,0.1,8,90.30%,90.74%,90.46%,90.95%,90.90%,122.94,122.6,123.45,125.73,131.53,1.069734316,0.016758845,2.01585275,0.002017469,0.15882152,2.585092784,2.609458005,2.555547896,2.570362791,2.233095442,41.48,44.8,43.35,41.16,43.82,-1,-1.15,-1,0,-0.54,31.36,32.56,31.36,31.23,31.56,415.291,353.498,478.378,432.913,416.678,1612.627,1670.07,1536.753,1251.513,1334.924,253.21%,195.105,274.404,258.13,236.448,232.699,-42.92%,22%,20%,0.88,0.87,0,0,0,-1,0,0,0
HOMECRAFT® Create GF 10 (Control),07-05-2021,Rice and Tapioca,Cook Up,DAI0335,10,14,5,7.5,,,,,,,,,18.6,81.4,18.66,49.84,12.96,18.54,5.6,83.2,0,0.9,0.1,6.75,90.21%,90.90%,91.30%,90.77%,90.95%,107.51,114.8,112.5,114.01,112.64,0.390464941,0.004295823,2.003070261,0.049835913,0.002287397,2.210308157,2.402379401,1.929002717,1.955071503,2.068319013,45.42,49.24,49.24,48.88,47.03,-0.88,-1.71,-1.71,-1.49,-0.92,30.31,32.9,32.9,31.89,32.36,792.725,664.072,708.956,680.876,627.928,1586.414,1344.143,1772.912,1675.74,1859.688,137.12%,463.272,471.663,437.142,476.376,423.175,-34.62%,23%,19%,0.8801,0.8576,0,0,0,0,0,0,0
HI-MAIZE®  260,07-05-2021,Corn,Cook Up,MJI2643,10,14,5,7,,600,,,,,,,70,30,8.5,40.7,21.3,29.5,0.6,40.6,48,0.8,0.38,6.5,91.28%,90.52%,90.23%,90.49%,90.77%,113.83,115.85,116.29,118.73,117.72,0.973652584,1.43419613,0.000450675,5.35E-06,1.07454194,2.311082237,2.332885383,2.570362791,2.418132878,2.193062316,50.05,49.09,51.47,51.47,48.78,-1.46,-2.28,-2.07,-2.07,-1.93,31.16,31.01,31.31,31.31,31.75,573.806,614.401,672.33,601.434,537.947,1460.873,1481.02,1570.441,1522.625,1333.331,145.62%,383.848,465.773,430.413,483.293,397.829,-27.96%,23%,17%,0.8844,0.8293,1,0,0,-1,0,0,0
MELOJEL® ,07-05-2021,Corn,Cook Up,BK5341,x,13,4.5,7,700,1200,,,,,95%,85%,25,75,17.9,47.9,14.9,19.3,0.5,97,0,0.15,0.5,6.75,90.72%,90.82%,91.08%,90.74%,90.80%,120.2,120.42,122.04,120.46,120.42,0.000179227,0.00934398,0.000634052,6.63E-06,0.000676045,2.116707288,2.164013851,2.210308157,2.36521328,2.11071942,50.49,50.05,49.76,50.8,50.42,-1.34,-1.46,-1,-1.6,-1.58,32.84,31.16,31.36,31.57,31.63,692.46,763.086,686.178,719.454,683.416,1481.801,1613.079,1496.198,1648.781,1468.121,117.46%,346.308,422.097,399.126,397.136,456.737,-42.97%,23%,17%,0.8818,0.826,-1,0,0,1,0,0,0
NOVATION®  8600,07-05-2021,Waxy Rice,Cook Up,JJB3060,x,15,4.5,7,200,350,,,,,,,1,99,27.4,53.4,12.6,6.6,0.5,97,0,0.15,0.5,5,91.30%,90.52%,90.36%,91.51%,91.33%,122.22,117.79,118.89,112.24,118.16,0.934390076,0.040068751,0.057622977,1.846316421,1.070219717,2.146396077,2.349104943,2.062190647,2.238756022,1.902576774,49.55,49.73,49.42,47.65,50.97,-0.2,0.58,0.86,0.13,0.83,32.24,33.06,34.33,31.49,33.53,435.51,464.555,454.136,444.785,505.597,2028.641,2768.446,1685.667,2045.073,1931.966,353.87%,233.405,186.34,149.499,195.716,187.373,-58.68%,20%,18%,0.8618,0.853,0,0,0,0,0,0,1
HOMECRAFT® Create GF 10 (Control),18-11-2020,Rice and Tapioca,Cook Up,DKI0198,10,14,5,7.5,,600,,,,,,,18.6,81.4,18.66,49.84,12.96,18.54,5.6,83.2,0,0.9,0.1,5.75,92.21%,91.39%,90.74%,91.26%,92.05%,119.49,111.28,110.11,109.44,112.16,0.116164576,0.016036996,1.975435921,0.672127906,1.09E-05,2.244402326,1.999874374,2.841642984,2.146396077,2.300103162,40.57,42.45,41.74,42.72,42.45,1.41,2.34,2.76,1.65,2.34,25.87,27.76,28.61,28.66,27.76,1057.31,912.675,949.243,1090.292,1194.999,1931.722,2030.287,2033.233,2234.528,1746.435,91.68%,488.638,569.875,434.253,531.716,405.483,-53.31%,22%,20%,0.85,0.86,0,0,0,0,0,0,0
PURITY® Alpha 801,18-11-2020,Rice,Cook Up,EKL3020,x,13.5,5,7.5,,,,,,,,,19,81,19,52.2,12.3,16.5,0.5,80,0,0.53,0.1,4,92.20%,90.72%,91.07%,91.98%,90.95%,110.12,108.68,109.71,110.77,108.81,1.064859906,0.825068648,1.575738534,2.17397155,1.172346145,2.250034461,2.122678266,2.140491263,1.848591945,2.283535577,42.73,43.34,42.93,44.03,41.66,1.75,2.62,2.56,2.11,2.51,28.1,28.33,28.96,28.05,27.33,987.913,924.309,970.678,1004.902,1017.584,2098.563,1995.677,2453.26,2148.328,2080.865,119.69%,415.181,395.993,343.301,344.612,459.706,-60.07%,22%,20%,0.86,0.87,0,0,-1,0,1,0,0
PURITY® Alpha 806,18-11-2020,Waxy Rice,Cook Up,MJL2002,10,14,4,7.5,,,,,80%,,,,1,99,27.4,53.4,12.6,6.6,6.7,82.5,0.2,0.5,0.6,3.25,91.48%,90.79%,92.02%,91.07%,90.39%,117.49,110.3,121.08,116.85,118.74,2.033531028,0.000859264,0.91456164,0.012945371,0.990485304,1.889225193,2.175679778,2.031271495,2.294593925,2.316552262,42.26,46.87,46.37,45.41,44.7,1.54,0.45,1.72,1.1,3.12,26.89,27.64,28.76,27.49,30.1,672.792,668.641,747.43,649.8,630.66,2281.033,2042.074,2194.256,2149.64,1982.562,216.07%,311.725,303.975,291.225,303.533,302.094,-55.11%,23%,20%,0.87,0.86,-1,0,-1,0,1,0,0
PENPURE® 37,18-11-2020,Waxy Rice,Cook Up,KJB1335,x,14,5.5,7.5,700,1500,,,,,,,1,99,27.4,53.4,12.6,6.6,0.5,91.4,0,0.1,1.2,3,90.43%,90.46%,92.34%,90.43%,89.18%,110.83,112.15,111.49,110.98,112.67,0.006291825,0.219364423,7.16E-05,1.34E-05,0.001937559,1.993535612,1.848591945,1.922430287,1.895912737,2.104714516,42.53,43.8,40.34,42.44,39.95,0.85,1.01,3.84,2.24,2.29,27.8,28.87,29.21,28.32,26.89,761.697,619.416,709.516,692.362,641.481,2765.879,2921.169,2829.276,3677.962,2907.635,341.00%,518.09,483.493,521.654,549.607,617.34,-21.44%,23%,19%,0.88,0.86,-1,0,-1,0,1,0,0
HOMECRAFT® Create GF 10 (Control),12-01-2021,Rice and Tapioca,Cook Up,DKI0198,10,14,5,7.5,,600,,,,,,,18.6,81.4,18.66,49.84,12.96,18.54,5.6,83.2,0,0.9,0.1,5.75,89.23%,90.03%,89.49%,90.13%,89.69%,109.12,111.43,107.78,109.49,108.08,1.002258838,0.600013843,0.955067943,3.522287163,0.196439204,2.11071942,2.381212651,2.175679778,2.272423416,2.146396077,49.08,47.79,51.59,49.04,52.29,-2.39,0.64,-1.7,-0.8,-1.98,31.55,33.93,34.23,33.24,32.91,747.654,567.686,696.099,708.6,588.034,1276.321,1200.248,1831.143,1664.376,1458.682,124.63%,374.213,316.094,421.261,350.17,403.618,-43.61%,20%,19%,0.86,0.86,0,0,0,0,0,0,0
HOMECRAFT® Create 860,12-01-2021,Rice,Cook Up,AJI0254,x,15,5,7.5,175,375,,,80%,,,,19,81,19,52.2,12.3,16.5,6.7,81,0,1.1,0.1,5,86.97%,87.79%,89.39%,88.77%,90.48%,117.4,113.72,116.55,115.98,120.44,0.003133372,0.004395262,0.060425689,1.930805112,0.135502639,2.685941825,2.412893147,2.272423416,2.565433999,1.961534567,49.06,49.43,50.57,50.84,50.15,1.07,-0.83,-1,0.21,-2.77,33.33,33.17,33.51,34.45,30.69,642.375,684.819,530.59,599.499,606.394,1326.811,2186.132,1649.519,1662.868,1832.372,182.59%,294.033,287.102,266.28,285.874,301.398,-53.17%,19%,17%,0.86,0.83,-1,0,0,-1,0,0,0
HOMECRAFT® Create 890,12-01-2021,Rice,Cook Up,FKL1017,x,14,,,100,,,,,,,,19,81,19,52.2,12.3,16.5,7,80,0.3,0.53,0.4,7.25,91.02%,90.69%,90.75%,91.33%,91.41%,118.46,119.9,119.35,119.91,118.38,0.000448206,0.185767832,0.005317437,2.080279699,0.001454793,2.402379401,2.175679778,2.255652534,2.300103162,2.272423416,51.62,50.79,50.96,50.24,52.2,0.24,0.06,-0.93,-0.59,-0.57,33.79,32.72,32.91,31.44,32.86,457.101,594.5,523.864,622.814,537.396,1905.767,1262.557,1652.624,1545.292,1749.208,196.65%,286.732,292.505,295.333,285.015,321.178,-45.87%,20%,17%,0.87,0.83,-1,0,0,-1,0,0,0
NOVATION® 8600,12-01-2021,Waxy Rice,Cook Up,JJB3060,x,15,4.5,7,200,350,,,,,,,1,99,27.4,53.4,12.6,6.6,0.5,97,0,0.15,0.5,5,91.30%,90.52%,90.36%,91.51%,91.33%,122.22,117.79,118.89,112.24,118.16,0.934390076,0.040068751,0.057622977,1.846316421,1.070219717,2.146396077,2.349104943,2.062190647,2.238756022,1.902576774,49.55,49.73,49.42,47.65,50.97,-0.2,0.58,0.86,0.13,0.83,32.24,33.06,34.33,31.49,33.53,435.51,464.555,454.136,444.785,505.597,2028.641,2768.446,1685.667,2045.073,1931.966,353.87%,233.405,186.34,149.499,195.716,187.373,-58.68%,20%,18%,0.86,0.85,0,0,0,0,0,0,1
HOMECRAFT® Create 865 ,12-01-2021,Waxy Rice,Cook Up,EJB2032,7.5,12.5,5,8,250,500,,,,,,,1,99,27.4,53.4,12.6,6.6,6.1,85.1,0,0.3,0.05,4,92.48%,91.59%,91.93%,91.93%,93.18%,116.89,118.03,114.75,112.24,118.15,1.001034208,0.004907261,0.013082781,1.000398483,0.0003886,1.967976406,2.187283486,2.146396077,2.006193108,2.338304404,50.87,48.49,51.06,51.25,48.96,0.39,0.32,-0.5,0.37,0.64,33.39,32.58,33.05,33.33,33.19,572.198,571.385,561.056,596.117,553.741,1610.758,2039.824,1408.341,2059.011,2050.158,221.18%,265.278,275.705,241.887,241.453,290.003,-53.96%,21%,19%,0.87,0.84,0,0,0,0,0,0,1
HOMECRAFT® Create GF 10 (Control),25-11-2020,Rice and Tapioca,Cook Up,DKI0198,10,14,5,7.5,,600,,,,,,,18.6,81.4,18.66,49.84,12.96,18.54,5.6,83.2,0,0.9,0.1,5.5,88.59%,88.30%,90.13%,89.44%,90.56%,97.22,98.13,101.93,99.99,102.14,1.994209329,0.999956143,1.481397216,1.976261108,1.369811084,2.15815724,3.662790733,2.36521328,2.846093485,2.723378359,55.01,53.81,54.81,54.9,55.01,-5.17,-3.77,-4.33,-4.13,-5.17,29.73,32.07,30.05,33.47,29.73,637.597,625.905,691.095,719.334,676.656,1784.327,1757.897,1859.252,1835.687,1924.499,173.43%,448.218,502.333,546.081,457.843,463.722,-27.83%,21%,20%,0.8692,0.8624,0,0,0,0,0,0,0
PURITY® P 1002,25-11-2020,Pea Starch,Cook Up,DAI0317,x,15,5,8,280,,,,,,,,35,65,27.52,33.7,14.2,24.58,0.8,89.2,2.1,0.1,0.1,7.25,88.57%,87.80%,87.89%,88.08%,86.89%,125,117.91,122.2,124.44,121.37,1.01419435,1.999952624,0.039588651,0.090222019,1.052052538,3.12989418,3.189974405,2.515615004,2.997701246,2.903329245,44.69,49.91,50.71,50.44,49.18,-2.22,-3.85,-2.03,-3.22,-1.85,27.6,29.2,31.43,30.49,31.15,510.869,567.683,536.017,499.751,537.292,1088.572,1011.118,1096.381,1378.835,1034.033,111.53%,327.128,374.879,404.478,370.744,286.55,-33.48%,20%,19%,0.8592,0.8528,1,1,0,1,1,0,1
VITESSENCE® Pulse 3600,25-11-2020,Faba Bean Protein Concentrate,Cook Up,HKI2857,x,9,,,,,,,,,,90%,35,65,,,,,57.7,11.5,13.6,3.8,6,6,90.87%,89.80%,90.41%,87.23%,91.51%,115.64,115.45,116.4,114.09,120.08,0.999980827,4.73E-10,0.977324115,2.58E-10,0.994555077,3.113677002,3.690330901,3.557616856,3.503846253,3.213692014,31.92,32.76,32.26,31.38,31.83,1.13,0.95,0.74,0.67,0.76,21.3,21.77,20.46,21.21,20.53,728.981,839.459,846.529,862.026,832.459,1656.878,1761.039,1648.018,1779.925,1870.668,112.11%,729.859,462.709,658.308,608.487,557.487,-26.59%,21%,20%,0.8667,0.8582,-1,-1,0,0,0,-1,0
VITESSENCE® Pulse 1803,25-11-2020,Pea Protein Isolate,Cook Up,BAI6546,x,10,7,8,,,,,,95%,,,0,0,0,0,0,0,77.8,3.4,2.7,7.8,4.7,2,91.36%,89.54%,89.84%,91.51%,92.85%,112.93,113.23,112.8,111.7,112.78,0.000145546,3.45E-06,2.06E-06,0.771103554,1.26E-05,2.15815724,2.510578732,2.36521328,2.599739319,2.423361279,38.55,38.83,40.24,37.42,38.23,3.46,2.86,3.47,4.05,3.87,26.91,27.26,28.49,27.29,27.72,573.819,694.476,667.414,763.015,734.635,1551.105,1766.678,1723.758,1660.201,1825.137,148.35%,425.581,508.266,511.358,552.257,483.054,-27.75%,21%,20%,0.8752,0.8632,-1,-1,0,0,0,-1,0
HOMECRAFT® Create GF 10 (Control),09-04-2021,Rice and Tapioca,Cook Up,DAI0335,10,14,5,7.5,,600,,,,,,,18.6,81.4,18.66,49.84,12.96,18.54,5.6,83.2,0,0.9,0.1,5,90.13%,90.87%,90.67%,90.28%,90.98%,108.23,102.87,112.57,104.46,105.56,2.002606258,0.888415925,0.91950784,1.895151991,0.044409159,2.585092784,1.827936638,1.841732582,1.720945444,2.037492862,45.79,52.91,53.77,53.22,51.12,0.72,-1,-0.53,-1.27,-0.34,31.97,34.84,34.32,33.59,34.77,893.145,746.437,901.549,802.022,866.279,2131.844,2480.142,2639.771,2000.05,2198.931,172.03%,452.57,538.043,479.816,518.668,362.184,-44.14%,22%,17%,0.88,0.84,0,0,0,0,0,0,0
HOMECRAFT® Create 365,09-04-2021,Waxy Tapioca,Cook Up,CGG2342,x,13,4.5,7,500,900,,,,,,,1,99,28.8,49,13,9.2,0.5,97,0,0.15,0.5,5.75,90.18%,91.82%,91.89%,91.93%,91.02%,110.71,110.66,113.06,109.84,111.51,1.855799285,1.855799285,1.307391382,1.078292654,2.519717629,1.980797235,1.980797235,2.386521938,2.049878951,2.037492862,45.05,45.05,45.73,47.28,46.52,2.8,2.8,2.28,2.05,2.21,31.68,31.68,31.39,31.66,31.25,902.114,844.505,884.332,945.484,892.397,2445.8,3022.219,2969.097,2774.973,3264.725,223.95%,309.159,267.81,333.011,367.757,322.582,-64.19%,22%,19%,0.89,0.85,-1,0,0,-1,0,0,0
Native Waxy Tapioca Flour,09-04-2021,Waxy Tapioca,Cook Up,1683377,x,11.5,5.96,8.8,600,920,,,,,,,1,99,28.8,49,13,9.2,0.5,97,0,0.15,0.5,4.25,91.72%,91.89%,90.64%,89.66%,90.93%,105.72,111.06,110.47,106.34,113.53,0.189859966,0.04257889,3.807767964,2.377219861,1.783114604,1.848591945,1.961534567,1.841732582,1.676237921,1.792982424,44.71,44.69,46.48,45.3,45.86,1.5,1.39,0.48,0.55,1.21,28.32,28.88,27.71,27.9,29.23,1096.441,1005.209,993.88,1008.237,877.279,2979.013,2834.26,2784.027,2904.306,2712.564,185.37%,318.417,257.988,314.03,302.49,340.555,-69.21%,22%,18%,0.88,0.84,0,0,0,0,0,0,1
NOVATION® Prima 303,09-04-2021,Waxy Tapioca,Cook Up,GJG2006,x,15,4.5,7,500,900,,,,,,,1,99,28.8,49,13,9.2,0.5,97,0,0.15,0.5,5.25,91.34%,91.23%,91.36%,91.38%,89.57%,108.46,111.49,107.15,111.51,109.84,1.36175075,0.065997365,1.128208294,3.040549216,1.007468191,1.967976406,1.889225193,2.187283486,1.820999472,2.397105236,48.33,46.78,47.54,46.2,41.74,-0.2,0.58,0.86,0.13,0.83,31.85,32.13,32.53,32.56,27.37,795.43,840.093,837.835,853.144,813.688,3331.662,2490.362,2562.758,2423.35,2676.107,225.69%,289.791,332.956,223.431,255.801,297.687,-66.19%,22%,18%,0.88,0.84,-1,0,0,-1,0,-1,0
HOMECRAFT® Create GF 10 (Control),11-05-2021,Rice and Tapioca,Cook Up,DAI0335,10,14,5,7.5,,600,,,,,,,18.6,81.4,18.66,49.84,12.96,18.54,5.6,83.2,0,0.9,0.1,5.5,91.49%,90.21%,89.57%,89.80%,90.08%,108.25,108.32,112.51,106.13,105.44,0.024481768,1.831124671,1.904413574,0.092154738,0.879663703,2.210308157,2.037492862,2.080521591,1.967976406,2.204574534,47.83,49.25,49.18,47.52,48.02,0.91,0.17,-0.08,1.21,0,32.32,32.98,31.77,33.6,31.97,853.204,789.848,779.665,837.221,924.768,2545.135,2361.809,2422.914667,2361.8,2391.117,130.84%,686.144,566.853,663.345,614.959,575.8,-25.75%,22%,19%,0.8821,0.8484,0,0,0,0,0,0,0
NOVATION® 1900,11-05-2021,Potato,Cook Up,AAH344,x,20,5,7,250,550,,,,,,,20,80,12.3,43.3,15.5,28.9,0.5,97,0,0.15,0.5,4.5,89.62%,90.41%,89.90%,90.57%,89.85%,107.53,109.48,108.48,109.88,110.75,1.86835813,2.109386782,2.003722345,0.815138102,1.191593698,2.193062316,2.289071429,1.862234875,2.04369529,1.942080851,47.46,48.44,46.82,51.48,51.13,1.04,0.17,1.83,-0.23,0,31.85,30.82,30.49,31.38,30.37,825.653,895.847,910.416,842.146,824.056,2123.713,2308.857,1435.723,1762.686,2233.622,129.51%,486.797,615.538,658.161,512.745,505.309,-35.35%,22%,18%,0.8831,0.8454,-1,0,0,-1,0,0,0
PENPURE® 10,11-05-2021,Potato,Cook Up,I9J707,x,20,6,8.5,650,x,,,,,,,20,80,12.3,43.3,15.5,28.9,0.1,84.1,0,0.1,0.1,6,91.10%,90.43%,89.61%,90.28%,90.97%,112.45,113.67,113.45,113.14,115.69,1.944849891,0.915036877,1.000770432,1.980148204,0.791835647,2.327453745,2.193062316,2.261256648,2.322009401,2.311082237,48.62,48.65,50.54,49.78,48.84,0.95,1.14,0.81,0.86,0.25,31.64,30.56,31.32,31.45,30.21,708.53,768.965,701.768,627.893,782.501,2383.023,2054.474,1710.77,1708.241,1826.143,169.74%,495.086,472.832,524.034,496.359,509.221,-30.42%,22%,19%,0.8836,0.8515,0,0,0,0,0,0,1
N-HANCE® 59,11-05-2021,Potato,Cook Up,JJ6036,x,20,6.5,8.5,350,750,,,,,,,20,80,12.3,43.3,15.5,28.9,0.5,97,0,0.15,0.5,6.25,91.13%,91.56%,90.38%,89.77%,92.15%,113.2,113.25,112.61,117.18,117.89,3.001559385,1.068998746,2.516864837,2.088929609,1.172965975,2.210308157,2.062190647,2.589984166,2.305599235,2.227420476,46.56,46.95,47.14,47.64,46.93,2.5,2.47,1.56,0.3,2.37,29.61,29.54,29.18,28.07,30.09,474.069,806.796,684.946,604.814,768.69,1923.284,1888.975,1112.293,1811.143,2065.883,163.57%,502.715,606.613,325.919,486.35,360.423,-31.66%,22%,18%,0.8818,0.878,0,0,0,0,0,-1,1
NOVATION® Uno 190,11-05-2021,Potato,Cook Up,AAH344,x,20,x,9,300,750,,,,,,,20,80,12.3,43.3,15.5,28.9,0,99.5,0,0,0.5,5.75,90.56%,90.52%,90.61%,91.54%,89.26%,116.89,113,110.4,117.07,114.99,1.619137636,2.789481567,1.875322937,1.621449225,2.674659585,2.122678266,2.238756022,2.140491263,2.080521591,2.092653015,48.52,50.48,49.72,51.42,48.96,2.45,2.33,0.73,1.29,2.55,28.73,30.73,29.68,30.79,30.45,901.182,799.431,786.677,838.39,670.067,2052.94,2423.316,1812.617,2169.492,2335.675,170.14%,409.983,565.746,515.723,486.431,635.527,-34.60%,21%,18%,0.8821,0.8371,0,0,0,-1,0,0,0
NOVATION® 4600 (Control),26-01-2021,Waxy Corn,SD Instant,AK7128,x,10,4.8,7,480,700,,,,,,,1,99,17,49.4,17.1,16.5,5.6,83.2,0,0.9,0.1,6,89.84%,89.82%,91.49%,91.25%,90.30%,103.57,108.38,107.23,106.73,111.03,0.998367362,2.002813095,0.770877329,1.237428921,1.16115153,2.216026946,2.074429275,1.750116088,2.04369529,1.98717663,44.14,44.66,43.93,44.25,43.86,0.59,1.2,1.43,1.13,1.16,31.01,29.99,31.92,30.61,30.68,823.843,768.184,704.356,838.67,705.763,3166.247,3114.718,2507.812,2738.254,2872.726,274.91%,605.539,594.286,655.014,560.727,591.938,-21.70%,22%,19%,0.87,0.86,0,0,0,0,0,0,0
BAKA-SNAK®,26-01-2021,Waxy Corn,DD Instant,AJ2739,x,19,4.8,6.7,600,1900,,,,,92%,70%,1,99,17,49.4,17.1,16.5,0.1,93.1,0,0.1,0.1,4.25,90.62%,90.72%,91.49%,90.33%,91.38%,106.94,108.38,109.03,122.09,109.66,0.998367362,0.039143178,3.012158555,3.287456375,0.765236598,2.216026946,2.049878951,2.134570114,2.09869243,2.604603195,44.14,41.99,44.94,42.98,45.53,0.59,1.98,0.62,2.64,-0.33,31.01,30.07,30.33,31.34,29.9,955.156,916.533,769.438,711.151,940.775,3018.421,2319.572,2981.521,3203.192,2722.61,231.82%,446.471,523.028,684.865,598.817,468.068,-36.61%,21%,20%,0.88,0.86,-1,0,0,-1,0,0,0
ULTRA-CRISP® CS,26-01-2021,Waxy Corn,SD Instant,CA7117,x,10,3,4,700,1600,,,,,,50%,1,99,17,49.4,17.1,16.5,0.1,92.6,0,0.1,0.3,6.5,91.07%,93.13%,91.11%,91.00%,89.93%,113.62,116.59,122.99,119.29,113.62,1.090831455,0.103091256,0.996764329,0.24516657,0.77922376,2.989245091,2.11071942,2.510578732,2.227420476,2.277986272,42.9,44.49,45.37,45.06,44.37,2.36,0.5,0.79,1.17,1.68,30.08,28.59,29.15,29.92,30.2,542.606,637.955,609.526,579.517,529.183,2089.004,2344.795,2624.934,2197.255,2463.024,304.27%,470.501,470.829,313.817,362.239,377.746,-31.17%,21%,20%,0.87,0.86,-1,-1,0,0,0,0,0
NOVATION® 5600,26-01-2021,Waxy Corn,SD/Agg Instant,AF7859,x,12,4.8,7,480,700,98%,,,,,,1,99,17,49.4,17.1,16.5,0.1,91.1,0,0.1,0.1,6.5,91.28%,91.48%,90.70%,90.66%,91.30%,107.97,110.75,110.63,112.43,109.66,1.133677521,0.981975932,0.002963095,0.895492905,0.241647866,2.15815724,2.198825959,2.338304404,2.233095442,2.277986272,42.72,43.89,43.09,43.19,43.84,1.65,1.36,1.42,1.88,1.07,28.66,29.57,29.71,29.86,31.23,762.927,772.811,694.244,758.498,708.755,2623.495,2334.016,2859.627,2246.234,2292.049,234.18%,566.3,552.644,567.962,605.066,556.921,-22.95%,22%,19%,0.88,0.85,1,0,0,0,1,0,1
NOVATION® 4600 (Control),15-06-2021,Waxy Corn,SD Instant,AK7128,x,10,4.8,7,480,700,,,,,,,1,99,17,49.4,17.1,16.5,5.6,83.2,0,0.9,0.1,5.25,90.16%,90.56%,89.97%,90.30%,90.33%,106.82,105.26,106.45,107.28,105.16,0.000374192,0.357413877,0.931547314,0.996254512,0.764862061,2.15815724,1.764520579,1.961534567,1.929002717,1.889225193,40.53,42.62,43.14,42.13,42.13,0.9,1,1.51,0.67,0.67,31.64,32.53,32.06,31.91,31.91,955.31,968.375,912.111,916.885,1050.362,2563.49,2147.694,2507.97,3179.487,2176.049,161.81%,607.521,448.956,519.652,563.825,606.506,-42.82%,25%,17%,0.8721,0.8354,0,0,0,0,0,0,0
ULTRASPERSE® A,15-06-2021,Waxy Corn,SD/Agg Instant,KJ7536,x,12,4.5,7.5,850,1400,90%,,,,20%,,1,99,17,49.4,17.1,16.5,0.1,91.1,0,0.1,0.1,8,91.08%,92.03%,88.79%,90.84%,90.66%,112.02,115.19,105.01,114.19,110.69,0.094719448,0.998913396,1.000364461,0.02794921,0.168084271,2.227420476,2.074429275,2.289071429,2.056044015,1.942080851,46.72,44.8,46.63,46.8,43.23,-0.63,-1.95,-0.99,-2.09,-1.75,33.64,31.19,32.96,33.69,30.91,636.281,672.047,710.424,617.274,710.065,2380.561,2202.854,1601.479,2310.685,1538.206,199.87%,357.219,295.048,374.221,330.92,403.263,-47.38%,27%,17%,0.8821,0.8406,0,0,0,0,-1,0,0
INSTANT PUREFLO® F,15-06-2021,Waxy Corn,DD Instant,LJ2305,x,10,4.8,7.2,825,1225,,,,,95%,75%,1,99,17,49.4,17.1,16.5,0.1,95.9,0,0.1,0.2,3.25,91.43%,91.33%,92.48%,90.57%,90.87%,108.6,110.21,112.35,110.13,113.75,1.905705961,0.210573917,0.018663704,1.455214953,2.650819028,2.146396077,2.146396077,2.261256648,2.006193108,2.018771244,47.22,46.54,46.63,47.49,47.79,-0.13,-1.34,-0.99,-0.69,-1.16,33.18,32.28,32.96,33.5,33.3,834.684,687.258,671.603,702.666,742.688,2276.422,2249.658,2827.349,2155.621,1873.136,212.79%,533.21,493.243,536.49,471.88,510.634,-30.05%,27%,17%,0.8773,0.838,1,0,0,1,1,0,1
PRECISA® CRISP 330,15-06-2021,Waxy Corn,DD Instant,CHB1053,x,10,3.5,4.8,250,,,,,,95%,70%,1,99,17,49.4,17.1,16.5,0.1,94,0,0.1,0.1,6.25,92.21%,91.03%,92.00%,91.87%,91.07%,122.62,118.32,115.74,118.11,116.73,0.074905509,0.004174055,0.049804847,0.000329781,0.000106072,2.221731015,2.216026946,2.056044015,2.311082237,1.93555283,46.04,44.6,46.03,45.65,46.46,-0.03,0.73,-0.12,0,-1.69,33.38,32.72,33.91,33.45,31.6,513.434,568.79,545.892,553.142,604.05,1970.751,2461.686,2005.889,2013.799,2021.396,276.03%,296.956,285.076,349.47,404.189,432.915,-36.50%,28%,16%,0.8779,0.8205,1,0,0,0,-1,0,1
NOVATION® 4600 (Control),28-05-2021,Waxy Corn, SD Instant,AK7128,x,10,4.8,7,480,700,,,,,,,1,99,17,49.4,17.1,16.5,5.6,83.2,0,0.9,0.1,5.5,90.21%,90.90%,91.30%,90.77%,90.95%,110.59,109.97,108.21,112.34,108.2,0.031972934,0.524139828,1.846398447,1.973025554,1.998098606,2.187283486,1.999874374,2.169854655,2.500475759,1.915835309,46.73,45.88,46.05,48.17,47.04,1.49,3.01,1.99,2.52,2.81,29.8,29.89,30.08,31.13,30.24,619.008,905.871,652.66,775.732,791.007,1698.663,1773.749,2147.588,1384.838,1800.66,135.17%,385.082,442.202,462.011,471.043,456.451,-40.80%,25%,17%,0.87,0.84,0,0,0,0,0,0,0
NOVATION® Lumina 340,28-05-2021,Waxy Corn,SD Instant,FKH405,x,20,4.5,7,500,900,,,,,,,1,99,17,49.4,17.1,16.5,0.5,97,0,0.15,0.5,5,91.28%,91.74%,90.43%,91.69%,91.43%,100.69,104.63,105.36,104.93,106.73,0.900516808,0.110536811,0.003458192,0.949288575,0.001364714,2.169854655,1.98717663,2.283535577,2.068319013,2.006193108,47.35,49.26,48.88,47.7,48.96,2.54,2.19,2.22,2.21,2.55,28.92,29.7,29.76,30.5,30.45,735.956,701.223,771.179,718.206,680.587,1802.065,1646.053,1593.975,1889.306,1936.188,145.83%,465.607,559.905,600.134,547.284,534.389,-24.95%,27%,17%,0.88,0.84,-1,0,0,-1,0,0,0
NOVATION® Indulge 2930,28-05-2021,Waxy Corn,SD Instant,3CG021,x,12,3,6,,,,,,,,,1,99,17,49.4,17.1,16.5,0.5,97,0,0.1,0.5,7.25,90.16%,89.77%,89.59%,91.30%,90.11%,112.22,113.14,111.62,111.83,110.87,0.629067741,0.991603391,0.000517843,1.217490344,0.000114162,2.227420476,2.433784387,2.074429275,2.370558402,2.643192011,48.59,49.15,48.07,49.79,51.05,2.68,3.32,2.08,0.96,1.41,29.97,31.29,30.98,30.91,30.32,601.962,673.088,751.924,683.476,584.397,1595.308,1780.747,2051.402,2132.206,2010.155,190.45%,469.766,353.494,479.03,399.462,454.479,-34.56%,27%,17%,0.88,0.84,-1,0,0,-1,0,0,0
NOVATION® 6260,28-05-2021,Waxy Corn,DD Instant,LKD505,x,10,5,7,500,900,,,,,,,1,99,17,49.4,17.1,16.5,0.5,97,0,0,0.5,7.25,90.43%,90.00%,90.98%,91.80%,90.89%,106.94,108.98,108.98,108.51,112.68,9.56E-10,0.000365783,0.00078293,0.00043494,0.985088905,3.189974405,2.250034461,2.402379401,2.459648922,2.520641213,48.09,50.11,49.5,48.86,49.46,0.5,0.71,1.42,2.12,1.4,29.25,29.62,31.12,30.3,28.8,628.84,724.897,703.044,785.232,879.235,1817.419,1788.012,1528.952,1848.255,1130.854,118.03%,306.663,297.426,318.917,391.281,479.86,-51.79%,28%,16%,0.88,0.82,-1,0,0,-1,0,0,0
INSTANT CLEARJEL®,28-05-2021,Waxy Corn,DD Instant,HK2826,x,10,5.3,6.4,600,1250,,,,,90%,50%,1,99,17,49.4,17.1,16.5,0.1,94.8,0,0.1,0.2,5,91.75%,92.20%,90.25%,91.46%,92.93%,99.66,97.67,98.39,95.57,101.83,1.134773501,1.040026509,0.55008023,0.797181844,2.089942352,2.056044015,2.397105236,2.080521591,2.068319013,1.889225193,53.73,53.53,54.01,54.45,53.65,-0.35,0.51,-0.79,-0.61,-0.66,28.74,29.07,28.54,29.69,28.06,912.853,641.78,954.467,767.328,713.871,2331.997,2086.81,2034.51,2007.054,1862.653,158.70%,476.853,639.68,521.561,547.906,512.524,-32.37%,25%,17%,0.87,0.84,1,0,0,-1,-1,1,0
NOVATION® 4600 (Control),05-01-2021,Waxy Corn,SD Instant,AK7128,x,10,4.8,7,480,700,,,,,,,1,99,17,49.4,17.1,16.5,5.6,83.2,0,0.9,0.1,6.5,88.41%,89.69%,90.59%,89.74%,89.25%,110.03,111.6,110.15,109.94,109.71,0.987483317,0.000323651,0.044521965,1.083103208,1.002017531,2.459648922,2.709400277,2.169854655,2.370558402,2.647976073,46.15,45.78,45.73,48.34,45.83,-1.06,0.86,0.56,-0.27,1.01,28.38,28.53,30.19,30.68,30.33,853.204,789.848,779.665,837.221,924.768,2401.358,2183.814,1878.875,2114.984,2190.301,157.35%,518.401,519.212,480.388,575.399,562.222,-36.54%,21%,19%,0.8667,0.8382,0,0,0,0,0,0,0
NOVATION® 8360,05-01-2021,Waxy Rice,DD Instant,KKB1801,x,15,5,6.5,125,325,,,,,95%,85%,1,99,27.4,53.4,12.6,6.6,0.1,91.4,0,0.1,1.2,9.25,89.66%,89.90%,90.28%,89.46%,90.15%,110.33,111.82,115.82,108.19,110.23,5.20E-05,0.88209493,0.050580338,0.344774757,7.19E-06,2.530663682,2.723378359,2.565433999,2.728021804,2.667026506,47.9,48.44,46.63,47.54,48.26,-0.37,0.17,-0.74,-0.14,-0.6,28.96,30.82,29.01,27.93,29.99,825.653,895.847,910.416,842.146,824.056,1596.881,1568.66,1460.311,1534.241,1868.796,86.80%,406.014,467.975,546.707,435.055,485.052,-45.54%,21%,20%,0.8705,0.8447,-1,0,0,-1,-1,0,0
PURITY® Alpha 865,05-01-2021,Waxy Rice,DD Instant,KJB1335,x,14,x,9,,,,,,,,,1,99,27.4,53.4,12.6,6.6,0.5,97,0,0.15,1,8.5,91.02%,90.51%,90.56%,91.80%,89.59%,110.07,107.63,110.94,111.17,110.34,0.011952707,0.027610616,0.000376607,3.41E-05,0.000544243,2.175679778,2.449335883,2.530663682,2.300103162,2.500475759,48.58,46.82,49.71,48.74,48.45,-0.85,0.14,-1.12,-0.19,0.27,28.7,29.3,29.6,30.07,30.27,708.53,768.965,701.768,627.893,782.501,1879.619,1829.329,1667.544,1686.134,1646.306,142.61%,445.028,435.939,422.356,403.176,342.514,-42.92%,21%,19%,0.8763,0.8464,-1,-1,0,0,1,0,0
PENPURE® UM,05-01-2021,Potato,DD Instant,20D305,x,10,3,x,,,,,,,,,8,92,12.3,43.3,15.5,28.9,0.1,95.3,0,0.1,0.1,8.5,91.03%,90.52%,91.08%,90.31%,91.61%,111.42,112.58,109.76,109.7,109.09,2.17E-05,0.177526791,0.017113704,0.000662733,0.000449532,2.550590476,2.116707288,2.464789259,2.343710895,2.134570114,49.5,46.73,45.65,47.59,47.88,-0.34,-0.3,0.22,-0.01,-0.48,30.48,29.16,29.5,29.72,29.51,474.069,806.796,684.946,604.814,768.69,1688.68,2124.613,1673.845,1752.068,1796.334,170.58%,499.613,447.916,475.967,545.275,539.232,-24.89%,22%,20%,0.8758,0.8553,0,1,0,0,0,0,1
NOVATION® 6600,05-01-2021,Potato,DD Instant,MJD305,x,12,3.5,7,400,720,,,,,,,20,80,12.3,43.3,15.5,28.9,0.5,97,0,0.15,0.5,11.5,90.75%,90.05%,90.36%,89.61%,90.13%,107.62,108.64,108.28,108.4,108.5,4.66E-08,4.48E-07,0.000487886,2.70E-11,0.000180209,3.12989418,3.174064209,2.520641213,3.778450386,2.464789259,48.47,48.26,49.13,48.86,48.58,0.37,-0.6,-0.21,-1.41,-0.85,29.73,29.99,30.01,29.04,28.7,901.182,799.431,786.677,838.39,670.067,1604.413,1498.07,1560.317,1403.097,1702.309,94.41%,376.528,455.555,426.797,461.494,410.779,-46.66%,22%,19%,0.8769,0.85,0,1,0,1,0,1,1
NOVATION® 4600 (Control),24-06-2021,Waxy Corn,SD Instant,AK7128,x,10,4.8,7,480,700,,,,,,,1,99,17,49.4,17.1,16.5,5.6,83.2,0,0.9,0.1,5.5,91.07%,90.97%,90.56%,90.34%,90.26%,108.65,114.38,109.99,113.77,114.28,0.01962113,1.000036681,0.926520479,0.839530867,0.377758388,2.233095442,2.570362791,2.025031015,2.349104943,2.604603195,46.27,46.66,45.45,46.25,44.11,1.28,1.25,1.13,1.18,2.35,28.61,28.55,29.85,29.17,29.31,866.096,895.794,903.649,879.662,944.285,2078.329,1847.537,2332.388,2491.625,2236.651,144.72%,606.912,612.67,579.985,580.052,522.828,-35.35%,23%,22%,0.8887,0.8711,0,0,0,0,0,0,0
HOMECRAFT® Express 390,24-06-2021,Tapioca,DD Instant,GKB1046,x,13,0.5,9,,,,90%,,,,,17,83,17.3,40.4,15.6,26.7,0.1,89.7,0,0.1,0.1,5.5,90.62%,90.25%,90.23%,91.34%,91.93%,115.1,114.38,106.51,107.6,115.64,0.10275326,0.01378164,1.681023322,0.218465772,0.179785873,2.381212651,2.116707288,2.277986272,2.300103162,1.922430287,47.25,48.11,48.58,47.05,49.15,0.32,0.61,0.91,1.23,1.65,28.13,28.7,29.33,28.48,30.1,693.206,616.293,784.962,662.096,796.103,2407.866,2131.049,2048.963,2342.664,1666.094,198.27%,510.766,473.186,568.107,538.764,537.498,-26.02%,22%,20%,0.8777,0.851,1,0,0,0,0,0,0
PENPURE® 55,24-06-2021,Tapioca,DD Instant,2211219,x,8,5.5,8,,,,,,,80%,,17,83,17.3,40.4,15.6,26.7,0.1,89.7,0,0.1,0.1,7.5,91.07%,90.38%,90.56%,92.62%,90.67%,109.49,109.24,112.3,112.06,112.68,0.706475044,0.161684658,0.000121628,0.341802759,0.000249463,2.854973673,2.520641213,2.643192011,2.449335883,2.500475759,47.72,46.13,47.36,48.22,48.11,0.63,0.83,0.87,1.15,0.61,28.76,26.1,27.72,28.29,28.7,718.808,710.529,682.438,662.024,717.61,2284.461,1954.834,2244.449,2051.082,1934.104,199.85%,556.348,434.26,452.129,469.379,510.36,-30.62%,22%,19%,0.8784,0.8517,1,0,0,0,0,0,0
NOVATION® Indulge 3920,24-06-2021,Tapioca,SD Instant,LJB8609,x,14,4.5,8,500,2300,,,,,,,17,83,17.3,40.4,15.6,26.7,0.5,97,0,0.15,0.5,8.5,90.57%,90.05%,90.49%,91.74%,90.26%,114.3,116.48,116.67,113.86,115.88,0.153139274,3.47E-06,0.874728682,3.99E-05,0.937535886,2.238756022,2.667026506,2.428578425,2.57528215,2.402379401,47.96,50.33,50.15,50.2,50.6,0.06,0.04,-0.7,1.14,-0.52,26.76,28.19,27.36,29.76,28.53,686.325,591.613,676.655,615.144,724.888,1386.941,1912.845,1974.642,1764.825,2094.53,177.23%,410.863,400.264,347.649,370.308,386.769,-41.85%,23%,19%,0.8778,0.851,1,1,0,0,1,-1,1
HOMECRAFT® Create GF 10 (Control),07-06-2021,Rice and Tapioca,Cook Up,DAI0335,10,14,5,7.5,,,,,,,,,18.6,81.4,18.66,49.84,12.96,18.54,5.6,83.2,0,0.9,0.1,6.5,89.84%,89.21%,89.31%,89.21%,90.13%,113.76,112.63,113.32,113.28,113.21,0.000249112,0.000739754,0.05053239,1.009550049,1.024726973,2.227420476,2.633597816,2.495408934,2.438979237,2.169854655,53.2,53.12,53.12,53.37,54.23,-1.36,-1.69,-1.69,-2.43,-1.95,34.11,33.45,33.45,34.83,34.31,580.423,673.679,660.688,736.419,641.533,1741.086,1543.444,2106.311,1611.737,2017.952,173.95%,248.575,257.962,374.941,346.859,315.729,-53.11%,21%,20%,0.8722,0.8506,0,0,0,0,0,0,0
NOVATION® Lumina 600,07-06-2021,Waxy Corn,Cook Up,EJI0019,x,15,4.5,7,400,750,,,,,,,1,99,17,49.4,17.1,16.5,0.5,97,0,0.15,0.5,0.5,92.11%,91.72%,90.49%,93.00%,90.52%,105.45,109.61,113.01,110.5,112.75,0.37775333,0.04073636,0.115416935,1.02951371,0.456135634,2.031271495,2.15815724,1.820999472,1.827936638,1.735592052,52.69,52.18,52.37,52.56,52.5,-2.05,-2.51,-1.65,-2.53,-1.16,35.61,33.31,33.58,33.25,35.94,692.009,824.041,619.6,786.013,703.415,2632.917,3347.957,2834.977,2488.982,2865.998,290.91%,325.006,244.483,242.555,331.756,294.492,-60.32%,23%,21%,0.8779,0.8658,-1,0,0,1,0,0,0
NOVATION® 2700,07-06-2021,Waxy Corn,Cook Up,MF8150,x,15,4.5,7,200,440,,,,,,,1,99,17,49.4,17.1,16.5,0.5,97,0,0.15,0.5,1,89.85%,90.46%,90.39%,90.79%,91.66%,112.67,111.78,113.56,111.87,113.01,0.12732904,0.050307342,2.492336918,0.038196135,0.077250767,1.942080851,1.869018995,1.882513892,1.93555283,1.955071503,50.83,52.91,51.12,50.18,52.24,-1.65,-1,-0.34,-0.98,-2.27,34.36,34.84,34.77,33.57,34.5,1105.408,954.073,1089.415,891.588,1080.25,3094.202,3245.359,2660.483,2994.555,3708.088,206.65%,392.787,365.004,398.727,402.063,415.804,-61.44%,23%,21%,0.8788,0.8659,-1,0,0,-1,0,0,0
NOVATION® 2920,07-06-2021,Waxy Corn,Cook Up,GKH402,x,12,3,6,,,,,,,,,1,99,17,49.4,17.1,16.5,0.5,97,0,0.1,0.5,2.5,90.62%,91.26%,88.93%,89.36%,92.08%,104.66,106.41,106.09,106.19,106.19,0.010605217,1.120090411,0.073465092,0.684370665,1.137686919,1.909217551,1.814035777,1.948587003,1.895912737,1.889225193,46.13,45.44,46.22,48.14,45.46,0.33,0.77,0.69,0.35,0.94,34.06,34.87,34.73,35.45,33.8,517.563,495.691,628.188,579.505,691.423,3586.968,3357.209,2897.544,3509.778,3574.507,481.18%,300.492,278.389,302.135,353.577,353.776,-45.46%,21%,19%,0.8686,0.8464,-1,0,0,0,0,0,0
NOVATION® Uno 260,07-06-2021,Waxy Corn,Cook Up,EJD609,x,15,4,7,160,340,,,,,,,1,99,17,49.4,17.1,16.5,0.5,97,0,0.1,0.5,8,88.89%,90.56%,90.70%,89.57%,90.02%,115.84,117.94,117.05,112.17,115.16,0.893749533,0.035184873,0.40231516,1.84687116,0.265591417,1.915835309,1.882513892,2.11071942,1.882513892,1.820999472,53.61,52.72,52.08,52.08,53.69,-1.19,-0.12,-1.2,0.55,-0.86,33,35.17,33.78,34.39,33.66,776.272,629.719,657.359,661.3,600.548,1687.16,1892.679,2091.576,2191.094,2238.132,203.76%,395.142,363.551,380.923,362.235,382.302,-43.34%,22%,20%,0.8736,0.8585,-1,0,0,0,0,0,1
HOMECRAFT® Create GF 10 (Control),16-06-2021,Rice and Tapioca,Cook Up,DAI0335,10,14,5,7.5,,600,,,,,,,18.6,81.4,18.66,49.84,12.96,18.54,5.6,83.2,0,0.9,0.1,5,89.61%,90.82%,91.51%,90.23%,89.93%,110.13,109.23,114.32,108.94,110.98,2.21E-05,0.006298943,0.848238088,0.949095062,9.35E-05,2.628787588,2.250034461,2.311082237,2.062190647,2.662276678,48.46,50.46,51.67,51.58,51.15,2.05,0.48,0.63,0.2,0.1,30.91,30.64,31.66,31.52,29.83,636.97,589.073,721.381,593.561,705.206,2033.875,1851.598,1554.263,2294.105,2270.187,208.18%,508.101,455.036,448.766,468.905,436.424,-28.62%,23%,21%,0.878,0.8595,0,0,0,0,0,0,0
HI FLO®,16-06-2021,Waxy Corn,Cook Up,LJ8540,x,13,4.8,6.7,720,1100,,,,,95%,85%,1,99,17,49.4,17.1,16.5,0.1,88.3,0,0.1,0.1,5.5,89.30%,90.30%,91.23%,90.34%,90.31%,113.95,116.1,116.2,114.55,121.8,1.093055277,1.000001425,0.075552686,0.000826364,1.55E-08,2.714067637,3.791825473,2.647976073,2.204574534,3.35624903,52.18,51.34,51.27,51.03,52.04,-0.49,-0.77,-0.98,-0.43,-1.01,30.05,29.49,28.27,30.23,28.16,636.929,613.765,645.526,618.88,650.914,1857.57,2248.706,2309.985,2134.382,2053.624,234.94%,333.259,282.06,261.939,298.477,269.396,-54.35%,22%,20%,0.8682,0.8531,-1,0,0,1,1,0,0
COL FLO® 67,16-06-2021,Waxy Corn,Cook Up,GK8246,x,13,4.8,6.7,600,950,,,,,95%,85%,1,99,17,49.4,17.1,16.5,0.1,88.3,0,0.1,0.1,4.5,89.92%,90.75%,90.46%,90.70%,90.74%,112.88,122.66,115.38,113.26,114.97,1.957092154,0.27329798,0.142022617,1.000036599,2.842843557,2.018771244,2.049878951,2.741904957,2.685941825,1.98717663,50.75,51.89,51.77,52.48,51.2,-1.47,-0.04,-0.46,-0.83,-1.29,26.42,30.25,27.81,29.31,27.59,645.787,666.038,642.048,544.919,579.028,2132.028,2342.841,2201.138,2641.87,2078.197,270.26%,257.532,253.889,302.071,248.888,265.297,-56.86%,21%,21%,0.8666,0.8543,0,-1,0,1,0,0,1
AMIOCA® ,16-06-2021,Waxy Corn,Cook Up,BF9276,x,14,4.6,6.7,400,650,,,,,95%,85%,1,99,17,49.4,17.1,16.5,0.1,89.3,0,0.1,0.1,4,90.43%,89.61%,90.82%,90.52%,91.11%,125.23,112.46,116.62,112.69,125.62,0.040837328,0.816463266,2.032353224,0.06967045,0.407871607,2.238756022,2.250034461,2.36521328,2.169854655,2.810292142,50.17,52.29,51.91,51.59,51.58,0.94,0.04,0.06,0.3,0.2,30.84,29.65,29.71,30.99,31.52,701.954,738.803,725.908,669.867,544.943,2287.367,3149.617,1880.126,1938.942,2229.445,239.66%,286.33,289.66,306.613,331.498,298.277,-55.27%,22%,20%,0.8664,0.8509,-1,0,0,0,0,0,0
HOMECRAFT® Create GF 10 (Control),14-06-2021,Rice and Tapioca,Cook Up,DAI0335,10,14,5,7.5,,,,,,,,,18.6,81.4,18.66,49.84,12.96,18.54,5.6,83.2,0,0.9,0.1,5.5,91.11%,90.52%,91.02%,90.25%,90.93%,106.88,109.87,109.5,107.29,104.05,1.937631344,1.955957235,1.196480623,0.969472327,1.060448174,1.98717663,1.915835309,2.169854655,1.778808428,2.134570114,52.92,52.82,50.36,53.77,53.19,-0.91,-1.34,-0.2,-0.53,-1.46,34.31,34.18,34.38,34.32,34.64,927.424,906.479,798.283,954.697,987.823,2519.017,1888.303,2385.285,2579.8,2194.384,152.84%,670.466,566.648,592.361,582.338,595.008,-34.27%,23%,19%,0.8768,0.8557,0,0,0,0,0,0,0
PURITY® Beta 200,14-06-2021,Waxy Corn,Cook Up,N/A,x,14,4.5,5.5,,600,,,,,,,1,99,17,49.4,17.1,16.5,0.5,97,0.15,0,0.5,5,90.44%,90.23%,89.79%,91.69%,90.51%,125.24,116.88,117.23,118.92,116.25,0.000107146,0.995743581,2.63E-06,0.337139658,0.000272925,2.863826326,2.438979237,3.408635123,2.535660062,2.36521328,56.01,55.2,54.95,56.48,54.63,-2.47,-2.66,-2.19,-3.76,-1.78,33.87,32.81,35.23,33.36,33.2,700.51,644.875,596.061,669.106,687.682,1660.629,1595.943,1671.986,1030.126,1802.32,135.31%,461.88,465.44,549.782,450.487,417.445,-28.90%,22%,20%,0.8817,0.8568,1,0,0,-1,0,0,0
NOVATION® 2560,14-06-2021,Waxy Corn,Cook Up,CKD300,x,9,5,6.5,500,900,,,,,,,1,99,17,49.4,17.1,16.5,0.5,97,0.15,0,0.5,0,92.98%,94.31%,93.75%,92.10%,91.69%,79.86,83.73,82.95,81.65,81.4,1.162246161,3.194082106,1.090922181,3.288565157,0.860140336,1.558869602,1.735592052,1.606846007,1.550729236,1.396109668,42.46,41.21,41.79,45.62,44.27,2.13,3.94,2.85,1.74,1.23,31.81,30.9,31,31.79,30.06,1695.251,1417.135,1528.208,1510.049,1591.88,5575.15,5577.699,5575.15,5577.699,5577.699,260.13%,763.132,735.409,898.193,1003.938,851.328,-45.08%,23%,20%,0.8864,0.8752,-1,0,0,0,0,0,0
NOVATION® Uno 2300,14-06-2021,Waxy Corn,Cook Up,1651603,x,15,5,6.5,300,900,,,,,,,1,99,17,49.4,17.1,16.5,0.5,97,0.15,0,0.5,5,91.51%,90.61%,89.16%,90.89%,89.93%,117.7,116.53,121.64,117.6,114.11,2.30E-05,0.000261288,0.032506057,0.004545244,2.05E-07,2.599739319,2.980764946,3.105536656,2.676500875,3.146027762,52.86,52.42,53.11,54.13,54.96,-2.88,-3.08,-1.79,-2.38,-2.09,32.52,31.39,33.98,34.18,34.71,773.622,670.651,786.601,789.445,726.371,1704.353,1874.464,1827.156,1787.557,2259.241,152.30%,286.628,268.724,375.264,369.626,393.572,-54.79%,22%,20%,0.8814,0.8611,1,0,0,0,0,0,1
NOVATION® Uno 2100,14-06-2021,Waxy Corn,Cook Up,1685886,x,13,5,6.5,,,,,,,,,1,99,17,49.4,17.1,16.5,0.1,88.3,0,0,0.2,4.5,91.56%,90.57%,91.43%,91.98%,91.75%,117.6,116.02,123.54,116.01,119.71,6.14E-06,0.261438461,4.28E-10,2.69E-05,0.028273763,3.162079028,2.638399275,3.585964849,2.885839151,2.459648922,51.65,50.25,51.77,52.49,47.56,-1.31,-0.49,-0.68,-1.03,-0.22,32.11,30.9,31.18,32.66,30.81,472.94,563.754,547.834,646.618,563.295,1990.613,1582.41,1839.657,2013.784,1237.708,210.05%,271.273,359.997,307.658,272.559,313.729,-45.42%,23%,20%,0.8814,0.8627,1,0,0,1,0,0,1
HOMECRAFT® Create GF 10 (Control),07-07-2021,Rice and Tapioca,Cook Up,DAI0335,10,14,5,7.5,,600,,,,,,,18.6,81.4,18.66,49.84,12.96,18.54,5.6,83.2,0,0.9,0.1,5.25,91.07%,90.31%,89.18%,90.18%,89.62%,111.48,108.1,105.99,108.07,111.6,1.002888564,0.000890454,7.91E-07,0.025157901,6.35E-06,2.796748486,2.764888636,3.137971339,2.609458005,3.233323791,49.01,49.36,50.4,46.45,49.83,0.92,0.7,0.08,1.76,1.01,31.58,32.59,32.79,33.95,33.2,557.073,621.363,530.301,560.529,551.64,1430.987,1693.472,1272.08,1732.999,1369.99,165.86%,264.387,312.628,282.757,325.873,282.697,-47.95%,23%,21%,0.879,0.8636,0,0,0,0,0,0,0
VERSAFIBE® 285,07-07-2021,Corn,Cook Up,20041326,x,6,4,6,,,,,,,,,25,75,,,,,0.1,95,86,0.2,0.1,10.5,90.18%,90.89%,89.34%,90.23%,90.10%,109.52,110.52,107.08,108.43,109.91,1.58E-07,1.03E-11,7.56E-05,1.44E-06,0.00275892,3.673142494,4.471855047,3.43084145,3.20185517,4.875363124,50.56,51.2,51.2,49.79,52.04,0.91,0.23,0.23,0.96,0.84,30.78,31.59,31.59,30.91,31.38,373.645,369.298,358.885,418.395,358.49,1202.346,1126.619,1042.376,1235.091,1178.962,207.94%,231.501,222.027,232.152,234.321,211.899,-39.75%,22%,20%,0.8788,0.852,1,1,0,1,0,-1,0
NOVATION® Indulge 3620,07-07-2021,Tapioca and Waxy Tapioca,Cook Up,168,x,15,5,7,400,,,,,,,,13.8,86.2,19.6,42.12,15.08,23.2,0.5,97,0,0.1,0.5,4,89.66%,89.05%,90.16%,89.34%,89.20%,112.68,114.57,114.85,114.38,112.42,0.053138662,0.00982359,0.112948205,0.000104835,0.001436276,2.418132878,2.695349706,3.272234021,2.667026506,2.942301851,50.16,52.07,51.72,50.35,51.86,0.84,0.71,-0.79,-0.06,-0.25,31.38,31.06,29.43,31.04,31.32,535.288,579.77,474.154,495.427,599.888,1629.387,1327.14,1617.601,1527.757,1496.939,183.06%,217.815,266.242,271.514,232.914,219.163,-55.01%,22%,21%,0.8739,0.8624,-1,-1,0,0,0,0,0
PENPURE® 80,07-07-2021,Waxy Potato,Cook Up,N/A,x,20,6,8,800,,,,,,,,8,92,21,55,12.8,11.1,0.1,85.5,0,0.1,0.2,5,90.54%,89.02%,89.93%,89.70%,89.49%,112.93,111,109.52,110.87,111.19,0.000119432,2.62E-06,8.21E-07,1.07E-08,0.007221975,3.07687585,3.641998943,3.568273745,3.854723421,2.898966614,52.34,49.82,49.12,50.08,48.27,0.15,1.16,1.45,0.5,-0.5,31.4,29.82,31.18,30.7,30.57,613.728,596.862,558.602,501.604,607.538,1354.868,1298.362,1324.625,1351.938,1586.683,140.29%,387.632,347.205,395.665,384.627,331.627,-35.84%,23%,22%,0.8742,0.8719,1,0,0,0,0,0,1
NOVATION® 4600 (Control),30-06-2021,Waxy Corn,SD Instant,AK7128,x,10,4.8,7,480,700,,,,,,,1,99,17,49.4,17.1,16.5,5.6,83.2,0,0.9,0.1,5.5,91.07%,90.31%,89.18%,90.18%,89.62%,111.48,108.1,105.99,108.07,111.6,0.668488933,1.000400282,0.994036687,0.000789457,9.44E-07,2.193062316,2.338304404,2.305599235,2.863826326,2.704724864,49.01,49.36,50.4,46.45,49.83,0.92,0.7,0.08,1.76,1.01,31.58,32.59,32.79,33.95,33.2,581.177,625.657,677.408,813.121,693.873,2063.464,1776.393,2248.191,2037.466,2006.956,198.78%,437.255,455.897,507.242,396.105,415.589,-34.77%,23%,21%,0.88,0.86,0,0,0,0,0,0,0
ULTRA-TEX® 1,30-06-2021,Corn,SD Instant,DJ7102,x,10,5,9,1160,1480,,,,,75%,50%,25,75,17.9,47.9,14.9,19.3,0.1,92.6,0,0.1,0.3,8.75,90.18%,90.89%,89.34%,90.23%,90.10%,109.52,110.52,107.08,108.43,109.91,2.64E-05,0.000253006,3.13E-05,0.000214669,0.000136232,2.444163045,2.623968541,2.903329245,2.972260606,2.946600322,50.56,51.2,51.2,49.79,52.04,0.91,0.23,0.23,0.96,0.84,30.78,31.59,31.59,30.91,31.38,587.621,604.065,663.305,695.581,634.245,1778.679,1874.225,1560.788,1481.753,1783.364,166.23%,447.905,535.097,496.676,514.207,560.637,-19.79%,22%,20%,0.88,0.85,-1,0,0,0,0,0,0
ULTRA-CRISP® SA,30-06-2021,Corn,SD Instant,N/A,x,10,3,4,,,,,,,,,25,75,17.9,47.9,14.9,19.3,0.5,91,0,0.15,1,7,89.66%,89.05%,90.16%,89.34%,89.20%,112.68,114.57,114.85,114.38,112.42,0.000453481,2.52E-07,0.000705837,0.007554215,7.58E-06,2.261256648,3.043790202,2.505532338,2.349104943,3.174064209,50.16,52.07,51.72,50.35,51.86,0.84,0.71,-0.79,-0.06,-0.25,31.38,31.06,29.43,31.04,31.32,493.842,545.283,502.156,517.521,675.208,1671.59,1459.103,1412.1,1241.099,1683.993,173.15%,308.79,317.533,247.19,308.124,299.129,-45.84%,22%,21%,0.87,0.85,1,0,0,1,0,0,0
NATIONAL™ 1215,30-06-2021,Corn,DD Instant,FD7046,x,14,4.5,7,,,,,,,,,25,75,17.9,47.9,14.9,19.3,0.5,97,0,0.1,0.5,8,90.54%,89.02%,89.93%,89.70%,89.49%,112.93,111,109.52,110.87,111.19,0.000542406,0.001225472,7.29E-07,0.000674966,0.005551387,2.327453745,2.423361279,2.423361279,2.391819441,2.810292142,52.34,49.82,49.12,50.08,48.27,0.15,1.16,1.45,0.5,-0.5,31.4,29.82,31.18,30.7,30.57,720.963,704.02,694.145,671.708,599.424,1764.962,1808.841,1801.501,1800.387,1854.61,166.36%,518.924,498.834,445.666,549.226,444.288,-27.53%,23%,20%,0.87,0.85,-1,0,0,0,0,0,1
ULTRASPERSE®,30-06-2021,Corn,SD/Agg Instant,EJ7521,x,12,6.8,8.8,1160,1480,98%,,,,40%,,25,75,17.9,47.9,14.9,19.3,0.3,91.5,0,0.1,0.1,10.25,90.85%,91.62%,89.87%,90.41%,91.21%,109.39,109.14,109.38,108.3,106.19,3.50E-08,2.57E-05,0.544170461,0.002896395,6.76E-10,2.920714605,2.495408934,2.277986272,2.338304404,3.427150388,49.79,49.8,48.17,49.13,49.86,0.96,1.06,2.52,1.55,1.2,30.91,30.37,31.13,30.64,32.13,675.204,623.964,836.15,703.474,718.615,1507.803,1533.146,1538.353,1545.832,1585.118,116.74%,429.715,406.882,412.236,398.203,415.679,-42.02%,23%,19%,0.88,0.85,1,0,0,1,0,0,1
HOMECRAFT® Create GF 10 (Control),18-06-2021,Rice and Tapioca,Cook Up,DAI0335,10,14,5,7.5,,600,,,,,,,18.6,81.4,18.66,49.84,12.96,18.54,5.6,83.2,0,0.9,0.1,5,90.77%,91.03%,89.79%,90.13%,89.54%,106.63,108.68,111.3,108.19,108.47,0.141008095,0.002442395,0.000640834,0.048705667,0.000770765,2.092653015,2.391819441,2.140491263,2.36521328,2.092653015,53.08,52.91,53.47,53.08,54.87,-1.98,-2.74,-1.91,-1.98,-2.51,35.02,34.23,34.44,35.02,34.58,953.233,856.094,729.79,643.927,753.928,2078.329,1847.537,2332.388,2491.625,2236.651,179.06%,606.912,612.67,579.985,580.052,522.828,-26.28%,22%,22%,0.8726,0.8711,0,0,0,0,0,0,0
HOMECRAFT® Create 765,18-06-2021,Waxy Wheat,Cook Up,MKJ202,x,12,,,,,,,,,,,1,99,21.5,45,14.8,18.7,10.6,71,4.4,1.2,0.05,2,91.90%,91.80%,91.02%,90.66%,91.97%,111.49,111.68,106.12,114.09,108.92,1.037452649,0.852000334,1.194357817,2.118438071,0.046529777,1.889225193,1.771678907,2.062190647,1.778808428,2.311082237,47.94,49.01,50.12,49.78,49.33,-0.54,-1.08,-1.43,-1.13,-1.27,35.17,34.83,36.2,34.7,33.03,773.658,773.952,827.662,746.105,812.188,2407.866,2131.049,2048.963,2342.664,1666.094,169.39%,510.766,473.186,568.107,538.764,537.498,-33.18%,23%,20%,0.875,0.851,-1,0,0,0,0,0,0
HOMECRAFT® Gold,18-06-2021,Waxy Maize/Waxy Wheat,Cook Up,HKJ202,x,14,,,,,,,,,,,1,99,,,,,5.4,80.1,0,0.7,0.5,3.5,91.03%,91.54%,91.46%,90.90%,91.89%,110.03,112.71,113.17,114.05,109.72,0.002196039,1.492923395,0.003922521,1.239450816,0.025942126,2.012492003,1.834847576,1.800027569,1.750116088,2.15815724,49.76,49.2,48.7,49.68,47.49,-1.22,-0.2,-0.69,-1.57,-0.69,35.22,35.11,35.56,34.56,33.5,658.448,736.166,685.209,696.832,579.954,2284.461,1954.834,2244.449,2051.082,1934.104,211.89%,556.348,434.26,452.129,469.379,510.36,-27.83%,23%,19%,0.8809,0.8517,-1,0,0,1,0,0,0
NOVATION® Indulge 1720,18-06-2021,Waxy Maize/Potato,Cook Up,LKD600,x,15,4,8.5,,,,,,,,,18,82,,,,,0.5,97,0.15,0,0.5,0,91.39%,92.66%,90.87%,89.79%,92.08%,99.6,98.85,100.85,93.36,105.34,0.178219357,2.202440952,1.059955109,0.005922641,0.990200898,1.7428692,1.820999472,1.713575194,2.025031015,1.827936638,48.23,49.21,47.57,47.56,48.61,-1.02,-1.9,-0.42,-0.51,-1.14,34.96,33.96,34.71,35.23,35.42,1561.704,1811.816,1656.56,1658.935,1779.637,1386.941,1912.845,1974.642,1764.825,2094.53,7.85%,410.863,400.264,347.649,370.308,386.769,-77.38%,23%,19%,0.8831,0.851,-1,-1,-1,-1,-1,-1,0
HOMECRAFT® Create GF 10 (Control),01-09-2021,Rice and Tapioca,Cook Up,DAI0335,10,14,5,7.5,,600,,,,,,,18.6,81.4,18.66,49.84,12.96,18.54,5.6,83.2,0,0.9,0.1,5.25,90.20%,90.60%,91.30%,91.10%,91.20%,102.06,108.4,104.47,109.38,104.53,2.035218333,1.004810969,1.520014651,,,2.062190647,1.922430287,1.992310467,,,50.54,54.89,52.715,,,-2.26,-3.75,-3.005,,,23.83,27.39,25.61,,,953.233,856.094,729.79,,,2463.634,2505.026,2139.811,,,179.96%,661.283,521.508,,,,-30.13%,23%,20%,0.8827,0.8535,,,,,,,
No NOVATION1900 Blank,01-09-2021,Potato,Cook Up,AAH344,x,20,5,7,250,550,,,,,,,20,80,12.3,43.3,15.5,28.9,0.5,97,0,0.15,0.5,7,91.70%,91.30%,90.50%,91.50%,91.00%,112.27,112.45,110.86,108.28,110.02,0.84015133,1.633768294,5.164302961,,,1.974397227,1.875778579,1.735592052,,,39.56,39.97,32.59,,,-1.49,-1.51,0.02,,,28.61,28.54,24.02,,,588.217,496.442,504.976,,,1473.593,1697.121,1428.802,,,189.34%,263.84,310.907,,,,-45.77%,23%,21%,0.886,0.8612,,,,,,,
No NOVATION4600 Blank,01-09-2021,Waxy Corn,SD Instant,AK7128,x,10,4.8,7,480,700,,,,,,,1,99,17,49.4,17.1,16.5,5.6,83.2,0,0.9,0.1,10,90.70%,92.30%,91.50%,91.40%,91.60%,110.47,112.83,115.27,11.13,112,2.849416103,1.042333383,2.014068234,,,2.128632494,2.062190647,2.037492862,,,55.59,55.67,54.1,,,-0.55,-1.92,-2.17,,,28.99,29.06,28.62,,,637.217,598.1,520.594,,,1757.647,1494.061,1527.528,,,172.18%,450.067,436.698,,,,-24.25%,23%,20%,0.883,0.8539,,,,,,,
No HOMECRAFT Create GF 10 Blank,01-09-2021,Rice and Tapioca,Cook Up,DAI0335,10,14,5,7.5,,600,,,,,,,18.6,81.4,18.66,49.84,12.96,18.54,5.6,83.2,0,0.9,0.1,23,87.60%,89.70%,89.00%,88.60%,89.00%,81.68,76.22,77.59,72.33,69.09,1.000052578,1.000005139,3.019072097,,,2.881450039,2.850537037,2.700041354,,,57.51,59.34,58.87,,,-1.93,-2.1,-2.61,,,26.54,26.82,27.26,,,198.848,192.221,333.173,,,529.434,298.595,460.951,,,77.98%,166.922,179.744,,,,-28.20%,21%,18%,0.9035,0.8964,,,,,,,
HOMECRAFT® Create GF 10 (Control),18-06-2021,Rice and Tapioca,Cook Up,DAI0335,10,14,5,7.5,,600,,,,,,,18.6,81.4,18.66,49.84,12.96,18.54,5.6,83.2,0,0.9,0.1,5,90.77%,91.03%,89.79%,90.13%,89.54%,106.63,108.68,111.3,108.19,108.47,0.141008095,0.002442395,0.000640834,0.048705667,0.000770765,2.092653015,2.391819441,2.140491263,2.36521328,2.092653015,53.08,52.91,53.47,53.08,54.87,-1.98,-2.74,-1.91,-1.98,-2.51,35.02,34.23,34.44,35.02,34.58,953.233,856.094,729.79,643.927,753.928,2078.329,1847.537,2332.388,2491.625,2236.651,179.06%,606.912,612.67,579.985,580.052,522.828,-26.28%,0.2223,0.2215,0.8726,0.8711,0,0,0,0,0,0,0
HOMECRAFT® Create 765,18-06-2021,Waxy Wheat,Cook Up,MKJ202,x,12,,,,,,,,,,,1,99,21.5,45,14.8,18.7,10.6,71,4.4,1.2,0.05,2,91.90%,91.80%,91.02%,90.66%,91.97%,111.49,111.68,106.12,114.09,108.92,1.037452649,0.852000334,1.194357817,2.118438071,0.046529777,1.889225193,1.771678907,2.062190647,1.778808428,2.311082237,47.94,49.01,50.12,49.78,49.33,-0.54,-1.08,-1.43,-1.13,-1.27,35.17,34.83,36.2,34.7,33.03,773.658,773.952,827.662,746.105,812.188,2407.866,2131.049,2048.963,2342.664,1666.094,169.39%,510.766,473.186,568.107,538.764,537.498,-33.18%,0.2253,0.1988,0.875,0.851,-1,0,0,0,0,0,0
HOMECRAFT® Gold,18-06-2021,Waxy Maize/Waxy Wheat,Cook Up,HKJ202,x,14,,,,,,,,,,,1,99,,,,,5.4,80.1,0,0.7,0.5,3.5,91.03%,91.54%,91.46%,90.90%,91.89%,110.03,112.71,113.17,114.05,109.72,0.002196039,1.492923395,0.003922521,1.239450816,0.025942126,2.012492003,1.834847576,1.800027569,1.750116088,2.15815724,49.76,49.2,48.7,49.68,47.49,-1.22,-0.2,-0.69,-1.57,-0.69,35.22,35.11,35.56,34.56,33.5,658.448,736.166,685.209,696.832,579.954,2284.461,1954.834,2244.449,2051.082,1934.104,211.89%,556.348,434.26,452.129,469.379,510.36,-27.83%,0.2269,0.1945,0.8809,0.8517,-1,0,0,1,0,0,0
NOVATION® Indulge 1720,18-06-2021,Waxy Maize/Potato,Cook Up,LKD600,x,15,4,8.5,,,,,,,,,18,82,,,,,0.5,97,0.15,0,0.5,0,91.39%,92.66%,90.87%,89.79%,92.08%,99.6,98.85,100.85,93.36,105.34,0.178219357,2.202440952,1.059955109,0.005922641,0.990200898,1.7428692,1.820999472,1.713575194,2.025031015,1.827936638,48.23,49.21,47.57,47.56,48.61,-1.02,-1.9,-0.42,-0.51,-1.14,34.96,33.96,34.71,35.23,35.42,1561.704,1811.816,1656.56,1658.935,1779.637,1386.941,1912.845,1974.642,1764.825,2094.53,7.85%,410.863,400.264,347.649,370.308,386.769,-77.38%,0.2293,0.1886,0.8831,0.851,-1,-1,-1,-1,-1,-1,0
"Sugar, Granulated",X,Ingredient,Sugar,x,,,,,,,,,,,,,,,,,,,0,99.98,0,0,0.02,,,,,,,,,,,,,,,,,,,,,,,,,,,,,,,,,,,,,,,,,,,,,,,,,,,,,,,,,,,,,,,,
Baking Powder,X,Ingredient,Leavening,x,,,,,,,,,,,,,,,,,,,0,27.7,0.2,0,67.3,,,,,,,,,,,,,,,,,,,,,,,,,,,,,,,,,,,,,,,,,,,,,,,,,,,,,,,,,,,,,,,,
Baking Soda,X,Ingredient,Leavening,x,,,,,,,,,,,,,,,,,,,0,0,0,0,36.9,,,,,,,,,,,,,,,,,,,,,,,,,,,,,,,,,,,,,,,,,,,,,,,,,,,,,,,,,,,,,,,,
Salt,X,Ingredient,Salt,x,,,,,,,,,,,,,,,,,,,0,0,0,0,99.8,,,,,,,,,,,,,,,,,,,,,,,,,,,,,,,,,,,,,,,,,,,,,,,,,,,,,,,,,,,,,,,,
Buttermilk Powder,X,Ingredient,Dairy,x,,,,,,,,,,,,,,,,,,,21.7,56.5,0,4.35,0,,,,,,,,,,,,,,,,,,,,,,,,,,,,,,,,,,,,,,,,,,,,,,,,,,,,,,,,,,,,,,,,
Vanilla Extract,X,Ingredient,Flavoring,x,,,,,,,,,,,,,,,,,,,0.06,12.65,0,0.06,0.26,,,,,,,,,,,,,,,,,,,,,,,,,,,,,,,,,,,,,,,,,,,,,,,,,,,,,,,,,,,,,,,,
Vegetable Oil,X,Ingredient,Fat,x,,,,,,,,,,,,,,,,,,,0,0,0,100,0,5.25,90.20%,90.60%,91.30%,91.10%,91.20%,102.06,108.4,104.47,109.38,104.53,2.035218333,1.004810969,1.520014651,,,2.062190647,1.922430287,1.992310467,,,50.54,54.89,52.715,,,-2.26,-3.75,-3.005,,,23.83,27.39,25.61,,,953.233,856.094,729.79,,,,,,,,,,,,,,,0.2293,,0.8827,,,,,,,,
Water,X,Ingredient,Water,x,,,,,,,,,,,,,,,,,,,0,0,0,0,0,23,83.20%,85.40%,84.30%,84.10%,84.90%,65.9,65.14,66.9,70.33,68.54,2.987234955,2.78E-16,1.16E-09,,,2.375891498,5.5821718,3.603569102,,,21.22,29.4,28.75,,,-0.57,-2.33,-3.31,,,6.51,21.1,20.87,,,712.195,407.752,760.033,,,,,,,,,,,,,,,0.1417,,0.9,,,,,,,,
Eggs,X,Ingredient,Egg,x,,,,,,,,,,,,,,,,,,,12.56,0.72,0,9.51,1.6,7,91.70%,91.30%,90.50%,91.50%,91.00%,112.27,112.45,110.86,108.28,110.02,0.84015133,1.633768294,5.164302961,,,1.974397227,1.875778579,1.735592052,,,39.56,39.97,32.59,,,-1.49,-1.51,0.02,,,28.61,28.54,24.02,,,588.217,496.442,504.976,,,,,,,,,,,,,,,0.2344,,0.886,,,,,,,,
"Whey Protein Concentrate, 34%",X,Ingredient,Dairy,x,,,,,,,,,,,,,,,,,,,34,54,0,1,7.5,10,90.70%,92.30%,91.50%,91.40%,91.60%,110.47,112.83,115.27,11.13,112,2.849416103,1.042333383,2.014068234,,,2.128632494,2.062190647,2.037492862,,,55.59,55.67,54.1,,,-0.55,-1.92,-2.17,,,28.99,29.06,28.62,,,637.217,598.1,520.594,,,,,,,,,,,,,,,0.2284,,0.883,,,,,,,,
HOMECRAFT® Create GF 10 (Control),01-09-2021,Rice and Tapioca,Cook Up,DKI0198,10,14,5,7.5,,600,,,,,,,18.6,81.4,18.66,49.84,12.96,18.54,5.6,83.2,0,0.9,0.1,23,87.60%,89.70%,89.00%,88.60%,89.00%,81.68,76.22,77.59,72.33,69.09,1.000052578,1.000005139,3.019072097,,,2.881450039,2.850537037,2.700041354,,,57.51,59.34,58.87,,,-1.93,-2.1,-2.61,,,26.54,26.82,27.26,,,198.848,192.221,333.173,,,,,,,,,,,,,,,0.2115,,0.9035,,,,,,,,
