,Product_Base_cat,Product_Type_cat,Moisture_mu,pH_mu,Viscosity_mu,Amylose,Amylopectin,Total_Carbohydrate,Dietary_Fiber,Bostwick,mu_yield,mu_vol,mu_hole,mu_cell,mu_color_l,mu_color_a,mu_color_b,mu_init_frm,mu_shelf_frm,mu_frez_frm,Water_Activity_Day_1,Water_Activity_Day_7,Firmness,Denseness,euc_dist,cosine_dist,label,Sample_Name,Product_Base,Product_Type,rank_euc,rank_cosine
0,-0.18962526469877614,-0.5983828898273017,0.2881497469351767,0.34101912662313977,-0.3233843713538336,0.626162961612739,-0.2237148182430052,0.09800017660057923,-0.16800173886279446,-0.20432318931877436,-1.0039111599086428,-0.9540481374955282,1.51987997548199,0.9532215349040394,1.424507635373324,-2.973649937343477,0.10256219654572439,-0.24611804222045788,-0.2759348028291252,0.46811356825041983,-0.8185207148917802,0.4923252025207992,0.24720237754896685,0.13185240790848066,8.98242707229951,1.0670747962436247,0,HOMECRAFTÂ® Create GF 10 (Control),Rice and Tapioca,Cook Up,18.0,18.0
1,0.04925331550617566,-0.5983828898273017,0.643077054271204,-0.35406083308361375,-0.34343761349628005,0.4859516044603841,-0.13538986329181105,0.35035513411197455,-0.16800173886279446,0.3729394135138795,-1.2194582436765264,1.6242127525889474,0.16843380750514605,-0.31474983940481815,-0.13178342394850195,0.05557143935417452,0.18191731152385462,-1.2390825319827694,-0.8044523279253168,-1.285109688636357,1.4434880983419023,2.0400660757833826,1.5793485232295104,0.13185240790848066,8.763143085932995,1.0096213687857194,0,NOVATIONÂ® 3600,Tapioca,Cook Up,11.0,12.0
2,0.04925331550617566,-0.5983828898273017,-0.06677756040085057,-0.4930768250249639,-0.704395972060316,0.4859516044603841,-0.13538986329181105,0.35035513411197455,-0.16800173886279446,0.43707970271750773,0.16225383175865674,1.6280806528583196,-0.1727579777223848,0.36201916428188835,-1.1033929193630378,-0.4385568703199105,0.314644008257188,-1.4056755999131567,-0.8793645316933418,-1.5529599093821498,0.312483691725061,1.2661956391520908,0.24720237754896685,0.13185240790848066,8.826558643365585,1.1317752551036842,0,HOMECRAFTÂ® Create 390,Tapioca,Cook Up,14.0,24.0
3,-1.8617753261334387,-0.5983828898273017,0.2881497469351767,-0.006520853230236987,-0.5740498981344142,5.130452810132134,-3.0611539960501277,-1.5558953910894886,4.641196515949201,0.05223796749573848,0.15120013515517486,0.7358171328235574,-0.09119344029517107,0.003960460805361929,0.45161123996486136,-1.2603137331474648,0.2071985870921083,-0.570421347693964,-0.8922859752246077,0.042786837310422154,0.8101256306364661,-1.8834570379372602,1.5793485232295104,0.13185240790848066,13.348664032744875,1.3542454559302703,0,HI-MAIZEÂ®  260,Corn,Cook Up,31.0,32.0
4,-1.8617753261334387,-0.5983828898273017,-0.06677756040085057,-0.35406083308361375,1.3009282421843285,1.1870083902221575,-0.5770146380477834,0.63376916331708,-0.16800173886279446,0.11637825669936669,0.31147873590564906,1.1657647838190899,-1.3804146484148188,-0.41829633941920175,0.4799230398312463,-0.880318321088318,0.3490546333362,-0.06669781578185438,-0.7755403531500902,-0.1884613343910828,0.5160644849160949,-2.1388342820255923,-1.0849437681315766,0.13185240790848066,9.548050903928265,1.2147728927132577,0,MELOJELÂ® ,Corn,Cook Up,23.0,28.0
5,-0.42850384490372795,-0.5983828898273017,0.1994179201011699,0.34101912662313977,-1.4062594470459415,0.6612158009008275,-0.24579605698080415,0.012587729442876092,-0.16800173886279446,-0.3326037677260308,-1.670817521652015,0.7698139404543598,-0.591948191481479,0.03971627281386862,0.41686494012884506,-0.3888754913581139,0.8118424277661831,-0.5114561855219862,-0.4491372041381829,-1.159304210029298,-1.9495251215086213,-1.8292861073730757,-1.0849437681315766,0.13185240790848066,9.587709131236428,1.2475699309992996,0,HOMECRAFTÂ® Create 860,Rice,Cook Up,24.0,31.0
6,-0.18962526469877614,-0.5983828898273017,0.2881497469351767,0.34101912662313977,-0.3233843713538336,0.626162961612739,-0.2237148182430052,0.09800017660057923,-0.16800173886279446,-0.20432318931877436,-1.0039111599086428,-0.9540481374955282,1.51987997548199,0.9532215349040394,1.424507635373324,-2.973649937343477,0.10256219654572439,-0.24611804222045788,-0.2759348028291252,0.46811356825041983,-0.90900106742113,0.6780541073123143,0.24720237754896685,0.13185240790848066,8.993789136035808,1.0638492405702857,0,HOMECRAFTÂ® Create GF 10 (Control),Rice and Tapioca,Cook Up,19.0,16.0
7,-0.9062610053136315,-0.5983828898273017,0.643077054271204,0.6885591064765165,-0.744502456345209,2.0633293724243744,-1.1290456064927488,0.3309432143034057,0.042400684785230354,0.2446588351066231,-2.4390494355939794,1.3160021732294602,0.1736175409186629,1.435636187634452,0.1972340078320492,-1.7114743637194554,-0.2612072685752639,-0.8925393196739655,-1.49694471390524,-0.6147544123763723,-2.0400054740379714,-0.06486151185372907,1.5793485232295104,2.457249420112594,10.813263756419198,1.2369973091026472,0,PURITYÂ® P 1002,Pea Starch,Cook Up,28.0,30.0
8,-0.6673824251086797,-0.5983828898273017,1.9740544567813063,2.0787190258900234,-0.30333112921138716,0.7488478991210492,-0.3009991538253007,0.63376916331708,-0.16800173886279446,-0.011902321707889728,0.4643882055871528,0.567054536859877,2.2727969440520854,-0.20753243501273994,-0.21929262353550524,1.2922349535113276,-0.49857035585498244,-0.2565425361429239,-0.3996894926318296,0.2427809627936402,0.5160644849160949,1.8852919884571242,0.24720237754896685,0.13185240790848066,8.790925955267605,0.9647667231869109,0,N-HANCEÂ® 59,Potato,Cook Up,12.0,10.0
9,-0.6673824251086797,-0.2704555434247692,-1.1315594824089323,-1.049140792790367,1.2407685157569892,-0.30273727952161106,0.36143800830865785,0.5677686359679457,-0.16800173886279446,0.5653602811247641,0.3833277638282813,0.127742495738495,-1.311744991198253,-0.1018578470831837,-0.1279227239667222,-0.06527515812046582,-0.36654591677632237,-0.2565425361429239,-0.31928076929055305,0.6167159017256139,-0.16253815905400978,0.12860609730408953,0.24720237754896685,2.457249420112594,8.021786544667235,0.8696708665650459,0,PENPUREÂ® UM,Potato,DD Instant,5.0,6.0
10,-0.6673824251086797,-0.2704555434247692,-0.4217048677368779,-1.049140792790367,-0.2632246449264943,0.7488478991210492,-0.3009991538253007,0.63376916331708,-0.16800173886279446,1.3350437515683027,-0.2891054462168448,-0.09842788317061382,-1.3841914593036928,1.598587777225165,0.12731244149537388,-0.30562561309780606,-0.4297491056969572,0.3505344151090678,-0.7548417107553776,-0.006859242141466015,-0.03812767432615852,-0.2815452341104924,0.24720237754896685,2.457249420112594,8.716375165956237,1.029333657016898,0,NOVATIONÂ® 6600,Potato,DD Instant,9.0,14.0
11,0.04925331550617566,1.697108534990426,0.2881497469351767,0.34101912662313977,3.1057200350045084,0.4859516044603841,-0.13538986329181105,0.63376916331708,-0.16800173886279446,0.5653602811247641,0.1180390453447292,0.6293480885666154,-0.6546323151945485,0.2432282584822053,0.38211864029282877,0.059599659269995865,-0.9122001144578035,-0.2978724361957115,-0.2855163365740559,-0.3631169799007392,0.06366272226935844,-0.20415819044736327,1.5793485232295104,2.457249420112594,8.89966723504488,0.960200619100249,0,NOVATIONÂ® Indulge 3920,Tapioca,SD Instant,15.0,9.0
12,0.5270104759160793,-0.5983828898273017,0.2881497469351767,-1.396680772643744,-0.5740498981344142,-0.9161619670631629,0.7478596862201337,0.63376916331708,-0.15297299431650696,-0.3326037677260308,0.03513632081861507,0.9821413078730812,-0.8893730755378743,0.882734676559799,1.5845122012848571,-1.6698494245893016,1.044991969117859,-0.294534785506732,-0.7573169145299388,0.347050470862209,0.5047544408499278,0.2446866627987876,1.5793485232295104,0.13185240790848066,7.710978757934352,0.7525273257679319,0,PURITYÂ® Beta 200,Waxy Corn,Cook Up,3.0,2.0
13,0.5270104759160793,-0.5983828898273017,0.643077054271204,-0.35406083308361375,-0.1027987077869227,-0.9161619670631629,0.7478596862201337,0.63376916331708,-0.15297299431650696,-0.3326037677260308,-0.06803151414720712,0.8408611611917851,-1.3705762387721643,1.323529031589782,1.1645538366001642,-1.5839140663851128,0.9263104254779999,0.12020322429575106,-0.1758856365407724,-0.7305257668693016,0.4708243086514137,0.5774509505502404,1.5793485232295104,0.13185240790848066,7.532981946260071,0.7222421238320985,0,NOVATIONÂ® Uno 2300,Waxy Corn,Cook Up,1.0,1.0
14,0.5270104759160793,-0.5983828898273017,-0.06677756040085057,-0.35406083308361375,0.07768047149509531,-0.9161619670631629,0.7478596862201337,0.2960017586479815,-0.16800173886279446,-0.46088434613328716,0.8881132420539366,0.9487552213374429,-1.276851869464804,1.4333822583181983,0.5742957060525252,-0.4439278302076723,0.2858514444155652,-0.7604491810604143,-0.446913576198526,-1.0095055256744012,0.4708243086514137,0.7012702204112505,1.5793485232295104,0.13185240790848066,7.612090177681955,0.7624026832167323,0,NOVATIONÂ® Uno 2100,Waxy Corn,Cook Up,2.0,3.0
15,-0.18962526469877614,-0.5983828898273017,0.2881497469351767,0.34101912662313977,-0.6542628667042,0.626162961612739,-0.2237148182430052,0.09800017660057923,-0.16800173886279446,-0.26846347852240254,-0.38858871564816866,-0.021069877783159628,-1.0023734959304453,1.3401626508014464,0.20238160780775552,0.6571189467834954,0.7388076316801165,-0.7359740008210537,-0.8471817273815284,-1.1036151521366442,0.19938325106337687,0.7709185597080677,0.24720237754896685,0.13185240790848066,8.356759004397043,1.0756308776688068,0,HOMECRAFTÂ® Create GF 10 (Control),Rice and Tapioca,Cook Up,8.0,20.0
16,-1.8617753261334387,-0.5983828898273017,-2.5512687117530417,-1.396680772643744,-0.22311816064160137,1.1870083902221575,-0.5770146380477834,0.5561214840828045,8.448478467675365,1.0784825947537897,-0.31858197049279213,-0.01659125641862315,-1.3833866153715848,3.8536792774495012,0.6201951391692381,0.4825627504312371,0.18683311510657044,-1.6073264850554725,-1.4363001593314848,-1.6603270230479568,0.17676316293104258,-0.12677114678423412,1.5793485232295104,2.457249420112594,13.746814588238108,1.0650353792139835,0,VERSAFIBEÂ® 285,Corn,Cook Up,32.0,17.0
17,0.28813189571112746,-0.5983828898273017,0.643077054271204,-0.006520853230236987,-0.3233843713538336,0.20552889015567477,0.04126004661057805,0.63376916331708,-0.16800173886279446,-0.5891649245405436,-0.9320621319860105,0.4605854926029334,-1.3185486245709428,1.070968533485126,0.6789635722252167,0.11733747806343514,0.04497706886247871,-0.8620990945623633,-0.813055396640231,-1.5349865162212522,-0.37742899631121085,0.6780541073123143,-1.0849437681315766,-2.1935446042956324,9.206337642815585,1.1693757336529114,0,NOVATIONÂ® Indulge 3620,Tapioca and Waxy Tapioca,Cook Up,20.0,27.0
18,1.2436462165309348,-0.5983828898273017,2.4177135909513403,1.38363906618327,0.8998633993353996,-0.30273727952161106,0.36143800830865785,0.18729500771999594,-0.16800173886279446,-0.3326037677260308,-0.6980922205456483,0.18800031046135354,-1.381712435409969,2.5689438155067497,0.3988483402138744,0.42751041158167863,0.0056506402007496384,-0.6828638307554576,-1.0475666914422646,-0.4774520514564879,-0.3434988641127094,1.4132310221120372,1.5793485232295104,0.13185240790848066,8.735908987671852,0.8973657866058442,0,PENPUREÂ® 80,Waxy Potato,Cook Up,10.0,8.0
19,-1.8617753261334387,1.697108534990426,-1.1315594824089323,1.38363906618327,2.7848681607253654,1.1870083902221575,-0.5770146380477834,0.4629442690016737,-0.16800173886279446,0.6295005703283924,-0.31858197049279213,-0.01659125641862315,-1.3841940520840295,1.01946380611897,0.6201951391692381,0.4825627504312371,0.18683311510657044,-0.39942431950286134,-0.5106196574626161,0.6936910698762111,0.312483691725061,-0.2815452341104924,-1.0849437681315766,0.13185240790848066,9.485040410363842,1.0857680705845079,0,ULTRA-TEXÂ® 1,Corn,SD Instant,22.0,21.0
20,-1.8617753261334387,1.697108534990426,-1.1315594824089323,-3.4819206517640042,-0.5239167927782981,1.1870083902221575,-0.5770146380477834,0.4008261256142535,-0.16800173886279446,0.1805185459029949,-0.9320621319860105,0.4605854926029334,-1.3812013128098688,0.7457311338587078,0.6789635722252167,0.11733747806343514,0.04497706886247871,-0.8163365650409469,-0.8580568833157743,-1.0830571115703589,-0.8185207148917802,-0.2815452341104924,1.5793485232295104,0.13185240790848066,10.177896037214351,1.1637273281817944,0,ULTRA-CRISPÂ® SA,Corn,SD Instant,27.0,26.0
21,-1.8617753261334387,-0.2704555434247692,0.2881497469351767,-0.35406083308361375,0.3584258614893455,1.1870083902221575,-0.5770146380477834,0.63376916331708,-0.16800173886279446,0.43707970271750773,-0.6980922205456483,0.18800031046135354,-1.3814710406072104,0.27483511239968716,0.3988483402138744,0.42751041158167863,0.0056506402007496384,-0.20942792978379968,-0.32108132366085623,0.5322184498971083,-0.8185207148917802,-0.2815452341104924,-1.0849437681315766,0.13185240790848066,8.968125179713828,1.2189222249763438,0,NATIONALâ¢ 1215,Corn,DD Instant,17.0,29.0
22,-1.8617753261334387,2.0250358813929585,-0.4217048677368779,2.4957670017140763,2.7848681607253654,1.1870083902221575,-0.5770146380477834,0.4202380454228224,-0.16800173886279446,1.0143423055501615,0.27463308056071817,-0.07888480812536162,-1.181293981330278,0.8076098019896235,0.2753059407969267,1.0357716188707018,0.11169154605648271,-0.05484818478215952,-0.7747595057499512,-0.12010386386357065,0.312483691725061,-0.2815452341104924,1.5793485232295104,0.13185240790848066,9.635303079570928,1.0450833589232553,0,ULTRASPERSEÂ®,Corn,SD/Agg Instant,26.0,15.0
23,-0.6673824251086797,-0.5983828898273017,2.4177135909513403,-0.006520853230236987,-0.9049283934847805,0.7488478991210492,-0.3009991538253007,0.63376916331708,-0.16800173886279446,0.1805185459029949,0.6504587650790892,0.1548177976241029,1.4863087965612496,-0.4468582226715308,-1.6121473836286608,-0.19350682544077866,-0.5231493737685615,-0.9675388923877927,-0.8661870444503227,-1.2430951033161264,0.9910863356951531,0.5851896549165525,0.24720237754896685,0.13185240790848066,9.34915622470353,1.161932018451945,0,No NOVATION1900 Blank,Potato,Cook Up,21.0,25.0
24,0.5270104759160793,1.697108534990426,-1.1315594824089323,-0.1455368451715872,-0.1429051920718156,-0.9161619670631629,0.7478596862201337,0.09800017660057923,-0.16800173886279446,0.9502020163465333,0.9268011801661231,-1.721724554116812,0.8725488680178513,-0.18548199932348772,1.3593047023477138,-0.958868609446834,-0.17272280408637408,-0.5419819558507485,-0.7927159028076425,-0.18607938820666833,0.6517850137101133,0.02026423617571215,1.5793485232295104,0.13185240790848066,8.163406281598116,0.8578839181573514,0,No NOVATION4600 Blank,Waxy Corn,SD Instant,7.0,5.0
25,-0.18962526469877614,-0.5983828898273017,0.2881497469351767,0.34101912662313977,-0.22311816064160137,0.626162961612739,-0.2237148182430052,0.09800017660057923,-0.16800173886279446,4.2854970549352,-1.5787033832896744,-3.447825942748969,0.6918437622536678,1.7723536558422368,1.5491224514518775,-1.054203147454606,-0.7728019700050703,-1.8362242154731345,-2.152175522485517,-1.519945258273125,2.9703440472746316,3.3092135918586973,1.5793485232295104,2.457249420112594,11.834557732838526,1.015687802660645,0,No HOMECRAFT Create GF 10 Blank,Rice and Tapioca,Cook Up,30.0,13.0
26,-1.384018165723535,2.6808905741980236,0.7318088811052108,0.34101912662313977,0.44866545113035455,0.9679281446716034,-0.4390068959365421,0.7494642053761507,-0.16800173886279446,-0.011902321707889728,0.15764812484053056,0.8482916011829477,0.5818584684997349,-0.49006775213219733,0.4280180734095417,0.21602886600105808,0.061831252574648665,0.14191829966360697,-0.2452274289261141,0.30133596774527716,0.5330295510153457,-1.7093361896952217,-0.4188706952913049,0.13185240790848066,8.944601822991986,1.0882885246016936,0,"Sugar, Granulated",Ingredient,Sugar,16.0,22.0
27,-1.384018165723535,0.05747180297776338,-0.4217048677368779,0.34101912662313977,-1.2558601309775932,-0.9161619670631629,0.7478596862201337,-0.9385963411769986,-0.16800173886279446,-0.07604261091151794,0.9129840594117707,-0.7995357004190102,1.0884622553027044,-0.8616040925339912,0.6431448557275945,-0.7816269331506949,0.7426700487808205,0.006631081961165196,0.21724112902273418,0.815806558909637,0.19938325106337687,-0.20415819044736327,-1.0849437681315766,0.13185240790848066,7.7119720212455745,0.7942672161027265,0,Buttermilk Powder,Ingredient,Dairy,4.0,4.0
28,-1.384018165723535,0.7133264957828285,0.2881497469351767,0.34101912662313977,-0.30333112921138716,0.626162961612739,-0.2237148182430052,-3.1321432795452813,-0.16800173886279446,-0.26846347852240254,0.3556935223195766,-0.35493074313953876,0.3271616330346074,-0.6800241743241454,1.1051419535472222,-1.7564561527794604,-0.5027839017830237,0.2961785217189896,0.49734349840301284,1.2389648004611837,0.6178548815116119,0.6703154029460023,0.24720237754896685,0.13185240790848066,8.825851394222981,0.9851564523161088,0,Vegetable Oil,Ingredient,Fat,13.0,11.0
29,-1.384018165723535,0.38539914938029596,1.086736188441238,-0.18029084315692534,-0.6241830034905302,0.6173997517907167,-0.21819450855855588,-3.104190115020942,-0.16800173886279446,0.1805185459029949,0.6504587650790892,0.1548177976241029,1.8288931748900046,-0.9191357237232033,-1.2516009019969099,-0.20693422516018314,-0.46170182898461193,-0.9858566666179461,-0.6180337750543514,-1.2938531437516383,0.9910863356951531,1.312627865349972,0.9132754503892386,0.13185240790848066,9.622417160265039,1.1022669127038505,0,Eggs,Ingredient,Egg,25.0,23.0
30,-1.384018165723535,0.05747180297776338,0.1994179201011699,0.6190511105058414,0.07768047149509531,-0.6094496232923869,0.5546488472643958,-1.035655940219843,-0.16800173886279446,0.9502020163465333,0.9268011801661231,-1.721724554116812,0.8145139489107655,0.34873762688686943,0.9584353542395975,-0.380147681540501,-0.1902792454532174,-0.6937465695979541,-0.8816110145414976,-0.5342613438519885,0.6517850137101133,0.7167476291438747,0.9132754503892386,0.13185240790848066,8.117725266362088,0.8968261944290137,0,"Whey Protein Concentrate, 34%",Ingredient,Dairy,6.0,7.0
31,-0.18962526469877614,-0.5983828898273017,0.2881497469351767,0.34101912662313977,-0.9049283934847805,0.626162961612739,-0.2237148182430052,0.09800017660057923,-0.16800173886279446,4.2854970549352,-1.5787033832896744,-3.447825942748969,0.5096310475907888,1.502450910827144,1.2351188529338013,-0.7500725438100944,-0.7324221548613307,-1.9229032535654949,-1.7645133139916458,-1.7082778584109717,2.9703440472746316,1.5912212225372315,0.9132754503892386,1.2945509140105373,11.380212498774466,1.0697051309690753,0,HOMECRAFTÂ® Create GF 10 (Control),Rice and Tapioca,Cook Up,29.0,19.0
32,-1.6228967459284869,-0.5983828898273017,-1.4864867897449596,0.8623290964032049,-0.6542628667042,2.0633293724243744,-1.1290456064927488,-2.685669123948197,1.1946044333339374,-0.07604261091151794,-0.4880719850795056,0.7203455317460681,-0.2809323684077093,2.5877924607608684,-3.4395453750043443,0.6275786674008055,-3.3932764084200615,0.4556921449211584,-0.42891971771186643,1.4587069889787172,-1.191752169075334,0.353028523927165,-1.0849437681315766,-2.1935446042956324,30.28748155576404,1.1831899904780265,1,VITESSENCEÂ® Pulse 3600,Faba Bean Protein Concentrate,Cook Up,1.0,1.0
33,-1.1451395855185833,-0.5983828898273017,-1.1315594824089323,2.0787190258900234,0.3584258614893455,-1.0037940652833846,-4.717246901385025,-3.0001422248470124,0.1025156629703803,-1.1022872381695692,0.4846533160268609,0.34943425328306593,-1.0980537420416796,0.11782818806901232,-2.018807781709448,2.4349066696326487,-1.1179616072772047,-0.16956940746616522,-0.4940988236049162,0.5712330571469366,-0.2303984234510253,0.7399637422428108,-1.0849437681315766,-2.1935446042956324,30.963004785032737,1.2820857682840956,1,VITESSENCEÂ® Pulse 1803,Pea Protein Isolate,Cook Up,4.0,3.0
34,-1.384018165723535,1.3691811885878935,-1.309023136076946,1.0360990863298931,-1.2558601309775932,0.5297676535704949,-2.9231462539388864,-2.0567229221505654,-0.1479634128010778,-0.5891649245405436,-0.001709334526315815,0.534889892514567,-0.6894930552246944,1.3528103244149403,-2.7291765783568964,1.531242668516727,-2.255619007848633,0.14306136872749659,-0.4615092706583913,1.0149700230628267,-0.7110752962631797,0.5464961330849922,-1.0849437681315766,-2.1935446042956324,30.749396484936614,1.3223537275464297,1,Baking Powder,Ingredient,Leavening,3.0,5.0
35,-1.384018165723535,1.3691811885878935,-1.309023136076946,1.0360990863298931,-1.2558601309775932,0.5297676535704949,-2.9231462539388864,-3.1321432795452813,-0.16800173886279446,2.0085167882063986,-2.6380159744566534,-2.3095436082122665,0.3445967881013999,1.387972780962864,-2.2368300890138357,-0.33751568743139165,-2.988775999327999,0.17469876447276045,-0.4615092706583913,1.0149700230628267,1.596173693235184,0.5464961330849922,-1.0849437681315766,-2.1935446042956324,31.839854461991496,1.3648955213698528,1,Baking Soda,Ingredient,Leavening,5.0,7.0
36,-1.384018165723535,2.3529632277954913,-1.309023136076946,1.0360990863298931,-1.2558601309775932,0.5297676535704949,-2.9231462539388864,-3.1321432795452813,-0.16800173886279446,2.0085167882063986,-2.6380159744566534,-2.3095436082122665,0.3445967881013999,1.387972780962864,-2.2368300890138357,-0.33751568743139165,-2.988775999327999,0.17469876447276045,-0.4615092706583913,1.0149700230628267,1.596173693235184,0.5464961330849922,-1.0849437681315766,-2.1935446042956324,31.904445562612462,1.356584828028455,1,Salt,Ingredient,Salt,6.0,6.0
37,-1.384018165723535,1.041253842185361,-1.309023136076946,1.0360990863298931,-1.2558601309775932,0.5297676535704949,-2.9231462539388864,-2.6410217083884886,-0.16800173886279446,-0.46088434613328716,0.567556040552975,0.2521260254535844,0.36150937912750136,0.17838478843426345,-2.4035908798934824,1.1418480766539971,-1.636227756426411,-0.2385785029458915,-0.4615092706583913,1.0149700230628267,0.38034395612206395,0.5464961330849922,-1.0849437681315766,-2.1935446042956324,30.37421842470497,1.2955090319885847,1,Vanilla Extract,Ingredient,Flavoring,2.0,4.0
38,-1.384018165723535,3.0088179206005563,0.2881497469351767,0.34101912662313977,-0.1027987077869227,0.626162961612739,-0.2237148182430052,-3.1321432795452813,-0.16800173886279446,4.2854970549352,-5.631725471232883,-4.264156473284993,0.5914188044585513,2.1225883623843473,-2.527991212639714,-0.943427099769519,-2.9045050807671515,-0.4060242486084042,-0.42862036996295755,-0.07281408268650476,2.5744925049587435,0.47297844160501906,0.24720237754896685,0.13185240790848066,32.09758067639362,1.2276511295361976,1,Water,Ingredient,Water,7.0,2.0
39,-0.18962526469877614,-0.5983828898273017,0.2881497469351767,0.34101912662313977,1.2608217578994356,0.626162961612739,-0.2237148182430052,0.09800017660057923,-0.16800173886279446,0.11637825669936669,0.3059518876039081,0.3091266610022347,-0.47472573541725754,-0.6159486390447864,-0.022396924464745192,-0.8440643418459258,0.47546101117747097,-0.13146895496281394,-0.5930732936695743,0.2255852804397417,0.32379373579122817,0.30659629772929264,0.24720237754896685,0.13185240790848066,8.427606256314249,1.067827294801658,2,HOMECRAFTÂ® Create GF 10 (Control),Rice and Tapioca,Cook Up,26.0,55.0
40,1.4825247967358866,-0.5983828898273017,0.1994179201011699,-0.35406083308361375,-1.4062594470459415,-0.9161619670631629,0.7478596862201337,0.63376916331708,-0.16800173886279446,-0.3326037677260308,0.46991505388889376,0.8758758373145267,0.08175616334745493,-0.5500727671161778,0.2997570406815303,0.35231697315301364,0.7767295450324965,-1.2134763052505788,0.17021053889190005,-1.9574572283253349,-1.7459443283175875,-0.04938410312110496,0.24720237754896685,0.13185240790848066,8.548880435304165,0.8849404624635357,2,NOVATIONÂ®  8600,Waxy Rice,Cook Up,33.0,28.0
41,-0.18962526469877614,-0.5983828898273017,0.2881497469351767,0.34101912662313977,-0.34343761349628005,0.626162961612739,-0.2237148182430052,0.09800017660057923,-0.16800173886279446,-0.14018290011514614,0.9544354216748279,0.3298911782378137,-0.3522566556826574,-0.14019460047182578,-1.3041493184155761,1.4667911498635855,-1.0484380994645062,1.4684226663198146,0.004009644288668729,0.4875861230945958,-3.0805295281254628,0.4923252025207992,0.24720237754896685,0.13185240790848066,9.21495215143845,1.0271142539889422,2,HOMECRAFTÂ® Create GF 10 (Control),Rice and Tapioca,Cook Up,53.0,47.0
42,-0.42850384490372795,-0.5983828898273017,0.11068609326716307,0.34101912662313977,-0.2431714027840478,0.6612158009008275,-0.24579605698080415,-0.02623611017426165,-0.16800173886279446,-0.5891649245405436,0.8199487796658026,0.03694862625742993,1.1449779624870644,-0.5764799120804062,-1.0999611860458993,1.6077788469173329,-0.9002617343283507,1.191780531782098,0.2791236291666052,-0.2920639968102462,-1.9495251215086213,1.2661956391520908,0.24720237754896685,0.13185240790848066,9.056318006499222,1.046888396269677,2,PURITYÂ® Alpha 801,Rice,Cook Up,51.0,54.0
43,1.4825247967358866,-0.5983828898273017,0.2881497469351767,-0.35406083308361375,0.49879855648647065,-0.9161619670631629,0.7478596862201337,0.07082348886858271,-0.1479634128010778,-0.7815857921514282,0.604401695897919,0.7773461672947168,0.08315405405329969,-0.5459915701957345,-0.6315295882566403,1.1217069770748906,-0.892536900126939,-0.22879074288304382,0.23543191777360203,-1.0304606951634094,-0.8185207148917802,0.4923252025207992,-1.0849437681315766,0.13185240790848066,8.393001827140342,0.9080428502972769,2,PURITYÂ® Alpha 806,Waxy Rice,Cook Up,23.0,34.0
44,1.4825247967358866,-0.5983828898273017,0.2881497469351767,0.6885591064765165,1.9025255064577218,-0.9161619670631629,0.7478596862201337,0.41635566146110886,-0.16800173886279446,-0.8457260813550564,0.06829741062906072,0.24113304574063005,-1.299898308917799,-1.0093515188328663,-1.341469418239447,1.4305371706211936,-0.8777894893787915,-0.17778822200563965,1.7656302483609303,0.9181715028529813,0.312483691725061,0.4923252025207992,-1.0849437681315766,0.13185240790848066,8.83053912520956,0.9001045338563316,2,PENPUREÂ® 37,Waxy Rice,Cook Up,46.0,33.0
45,-0.18962526469877614,-0.5983828898273017,0.2881497469351767,0.34101912662313977,-0.1027987077869227,0.626162961612739,-0.2237148182430052,0.09800017660057923,-0.16800173886279446,-0.14018290011514614,-0.7183573309853695,-0.007634013689548746,0.9459816373070986,-0.3595391975626552,0.4057118068481485,-0.7796128231927842,0.8617027212480158,-0.2854355488403776,-0.870812671720778,-0.44667455994546773,-1.9495251215086213,0.4923252025207992,0.24720237754896685,0.13185240790848066,8.875941905247325,1.123084103022819,2,HOMECRAFTÂ® Create GF 10 (Control),Rice and Tapioca,Cook Up,47.0,58.0
46,-0.42850384490372795,-0.5983828898273017,0.2881497469351767,-1.7442207524971207,-1.0051946041970128,0.6612158009008275,-0.24579605698080415,-0.02623611017426165,-0.13794424977021946,0.2446588351066231,0.5030761436993263,1.012270215234511,-0.5403326969069688,-0.20225247173507518,0.6639497389627405,-0.18343627565122528,0.7114195831478404,-0.8147967511320661,-0.6355005959142004,-1.0830620756818932,-0.8185207148917802,-1.8292861073730757,-1.0849437681315766,0.13185240790848066,9.251229183792406,1.1093086839629143,2,HOMECRAFTÂ® Create 890,Rice,Cook Up,54.0,57.0
47,1.4825247967358866,-0.5983828898273017,0.1994179201011699,-0.35406083308361375,-1.4062594470459415,-0.9161619670631629,0.7478596862201337,0.63376916331708,-0.16800173886279446,-0.3326037677260308,0.46991505388889376,0.8758758373145267,0.08175616334745493,-0.5500727671161778,0.2997570406815303,0.35231697315301364,0.7767295450324965,-1.2134763052505788,0.17021053889190005,-1.9574572283253349,-1.9495251215086213,-0.2815452341104924,0.24720237754896685,0.13185240790848066,8.620213316550958,0.8934593065104385,2,NOVATIONÂ® 8600,Waxy Rice,Cook Up,38.0,31.0
48,1.4825247967358866,-0.5983828898273017,-1.1315594824089323,0.6885591064765165,-1.0051946041970128,-0.9161619670631629,0.7478596862201337,0.17176547187314062,-0.16800173886279446,-0.5891649245405436,1.5918652591422657,0.6877737400039815,-0.634445897684008,-0.5760756531574965,0.4417450066780914,0.22072845590284965,0.8392304762984567,-0.7049086020143139,-0.27372492220285144,-1.3584660194786429,-0.8185207148917802,-1.055415670741784,0.24720237754896685,0.13185240790848066,8.458114273451175,0.8743897457647515,2,HOMECRAFTÂ® Create 865 ,Waxy Rice,Cook Up,30.0,25.0
49,-0.18962526469877614,-0.5983828898273017,0.2881497469351767,0.34101912662313977,0.002480813460921144,0.626162961612739,-0.2237148182430052,0.09800017660057923,-0.16800173886279446,-0.3326037677260308,0.08487795553428355,-0.2561974994213414,0.7506769534955816,-0.8873732412182683,0.706846405426959,-0.2680288938834735,1.116622249894579,0.5481531148803797,0.5107813253932181,0.3573874057799153,0.312483691725061,-1.055415670741784,0.24720237754896685,0.13185240790848066,8.427030822823205,1.02812415112282,2,HOMECRAFTÂ® Create GF 10 (Control),Rice and Tapioca,Cook Up,25.0,48.0
50,1.7214033769408383,-0.5983828898273017,-0.06677756040085057,-0.35406083308361375,0.2982661350620062,-0.9161619670631629,0.7478596862201337,0.63376916331708,-0.16800173886279446,-0.14018290011514614,0.8052105175278225,0.1934968003178307,1.8152140457127814,-0.6796845618901701,-0.45908498907048384,1.6870005052618193,0.2858514444155652,0.7880496481919286,1.5507917026924227,-0.8852323028275149,1.4434880983419023,-0.2815452341104924,-1.0849437681315766,0.13185240790848066,8.336289709333897,0.802550180655602,2,HOMECRAFTÂ® Create 365,Waxy Tapioca,Cook Up,20.0,4.0
51,1.7214033769408383,-0.5983828898273017,-0.5991685214048915,1.9118998355604038,0.5389050407713636,-0.9161619670631629,0.7478596862201337,0.63376916331708,-0.16800173886279446,-0.5250246353369153,0.43675396407844813,0.01720197751379162,1.660575028543695,-1.3261340976686962,-0.5701873552128084,0.745739784931565,-0.8110750121847875,1.2617518953532307,1.4605254682900572,-0.9958310531019783,0.312483691725061,-1.055415670741784,0.24720237754896685,0.13185240790848066,8.713900123194701,0.872482708953662,2,Native Waxy Tapioca Flour,Waxy Tapioca,Cook Up,44.0,23.0
52,1.7214033769408383,-0.5983828898273017,0.643077054271204,-0.35406083308361375,0.2982661350620062,-0.9161619670631629,0.7478596862201337,0.63376916331708,-0.16800173886279446,-0.26846347852240254,0.4441230951474317,0.0442772793993995,1.0677395900201707,-0.7647190732598882,-0.4179041892648346,0.35231697315301364,0.20017601054537124,0.4841172021604173,1.209660713170759,-1.2172535933737827,0.312483691725061,-1.055415670741784,-1.0849437681315766,0.13185240790848066,8.302036065949254,0.8601124252142026,2,NOVATIONÂ® Prima 303,Waxy Tapioca,Cook Up,18.0,19.0
53,-0.18962526469877614,-0.5983828898273017,0.2881497469351767,0.34101912662313977,-0.34343761349628005,0.626162961612739,-0.2237148182430052,0.09800017660057923,-0.16800173886279446,-0.20432318931877436,-0.24304837703567464,-0.11451020534326879,0.37258062564403643,-0.6475268981879684,0.06296744179904762,0.3536597131249541,0.6355757564430781,0.5252861847236281,0.7280018223417346,1.6080456656647937,0.5499946171145964,-0.405364503971494,0.24720237754896685,0.13185240790848066,8.31139338732476,0.9818065963990058,2,HOMECRAFTÂ® Create GF 10 (Control),Rice and Tapioca,Cook Up,19.0,43.0
54,-0.6673824251086797,-0.5983828898273017,2.4177135909513403,-0.006520853230236987,-0.9049283934847805,0.7488478991210492,-0.3009991538253007,0.63376916331708,-0.16800173886279446,-0.46088434613328716,-0.39043099841542434,-0.0031553923250122666,1.5817283776518987,-0.7314943426424596,0.21439267441773752,0.43422411144138096,0.09273058938029151,0.6301710946539651,-0.03434673478049553,1.0643910627918391,0.6630950577762805,-0.6375256349608814,-1.0849437681315766,0.13185240790848066,9.039843751509656,1.0391582698020831,2,NOVATIONÂ® 1900,Potato,Cook Up,50.0,52.0
55,-0.6673824251086797,-0.5983828898273017,2.4177135909513403,1.7311790460366467,0.7494640832670513,0.7488478991210492,-0.3009991538253007,0.1329416322560029,-0.16800173886279446,-0.07604261091151794,-0.014605313897053405,0.4504068076835322,1.078384271915842,-0.19801002450468339,0.261579007528377,0.5953529080742347,0.11169154605648271,-0.025022960420950934,-0.09687982653020404,0.5993894977679856,0.7196452781071289,-0.1654646686157944,0.24720237754896685,0.13185240790848066,8.746926872388318,0.9879659534669502,2,PENPUREÂ® 10,Potato,Cook Up,45.0,44.0
56,-0.6673824251086797,-0.5983828898273017,2.4177135909513403,1.3141310702125948,-0.40359733992361935,0.7488478991210492,-0.3009991538253007,0.7308287623599243,-0.16800173886279446,-0.14018290011514614,0.0038175137754251267,0.5308184185468056,2.5441315854142887,-0.561839164845194,0.37611310698783856,1.3123760530904343,-0.22539212818690396,0.3505344151090678,0.28508549529786203,0.7911332698816371,0.5499946171145964,-1.2798380973648595,0.24720237754896685,0.13185240790848066,9.08750486964991,0.9662676281318333,2,NOVATIONÂ® Uno 190,Potato,Cook Up,52.0,42.0
57,0.5270104759160793,1.697108534990426,-1.1315594824089323,-0.1455368451715872,-0.1429051920718156,-0.9161619670631629,0.7478596862201337,0.09800017660057923,-0.16800173886279446,-0.07604261091151794,0.04250545188759863,-0.19003604744522914,0.9068339640492148,-0.8587278495295566,-0.8361466872909599,0.7967639038653019,0.0435725535531308,0.20725218765150608,1.5243085345090908,1.4432421268463524,-0.8185207148917802,0.4923252025207992,0.24720237754896685,0.13185240790848066,8.216580404469427,0.8297141069147405,2,NOVATIONÂ® 4600 (Control),Waxy Corn,SD Instant,12.0,6.0
58,0.5270104759160793,-0.2704555434247692,2.062786283615313,-0.35406083308361375,2.504122770731115,-0.9161619670631629,0.7478596862201337,0.48235618881024256,-0.16800173886279446,-0.5250246353369153,0.3814854810610387,0.20001115866624714,1.6241192443101935,-0.35101093363131874,-0.890196487035875,0.7954211638933617,-0.06597964057596893,0.6254869160062279,1.4712298138555229,0.9695748777879185,0.312483691725061,0.4923252025207992,-1.0849437681315766,0.13185240790848066,8.561983571442125,0.8338888663535087,2,BAKA-SNAKÂ®,Waxy Corn,DD Instant,37.0,7.0
59,0.5270104759160793,1.697108534990426,-1.1315594824089323,-3.4819206517640042,2.1030579278821864,-0.9161619670631629,0.7478596862201337,0.4629442690016737,-0.16800173886279446,0.05223796749573848,0.6946735514930167,0.810935827528744,-0.19062120567710245,0.14679632136830717,-0.7782361875642649,0.9296951610874065,-0.3967429959272919,-0.6639486272249213,0.6029824941542029,-0.23193371379847524,-0.8185207148917802,0.4923252025207992,-1.0849437681315766,-2.1935446042956324,9.569258906303846,0.9442625889450756,2,ULTRA-CRISPÂ® CS,Waxy Corn,SD Instant,55.0,38.0
60,0.5270104759160793,2.0250358813929585,-0.4217048677368779,-0.1455368451715872,-0.1429051920718156,-0.9161619670631629,0.7478596862201337,0.4047085095759671,-0.16800173886279446,0.05223796749573848,0.5436063645787687,0.10514581521742215,-0.17551597782247583,-0.30055157565785406,-1.0124519864588946,1.0478562786181658,-0.32019691156785623,0.07446658954277209,0.8217053432190012,1.180787895338056,0.312483691725061,-0.2815452341104924,1.5793485232295104,0.13185240790848066,7.945776772935209,0.762704204324727,2,NOVATIONÂ® 5600,Waxy Corn,SD/Agg Instant,3.0,3.0
61,0.5270104759160793,1.697108534990426,-1.1315594824089323,-0.1455368451715872,-0.1429051920718156,-0.9161619670631629,0.7478596862201337,0.09800017660057923,-0.16800173886279446,-0.26846347852240254,-0.2117295699924716,-0.3115695453828869,-0.25174970879130865,-1.0402105240635282,-1.277553385207762,0.694715665997828,0.453691023882584,1.097132378703055,0.8970643346719658,1.011291616416106,-0.5810097895022448,-1.4113960715921732,0.24720237754896685,0.13185240790848066,8.45865674410798,0.8873171127475336,2,NOVATIONÂ® 4600 (Control),Waxy Corn,SD Instant,31.0,30.0
62,0.5270104759160793,2.0250358813929585,-0.4217048677368779,-0.006520853230236987,2.002791717169954,-0.9161619670631629,0.7478596862201337,0.4047085095759671,-0.16800173886279446,0.43707970271750773,0.171465245594896,0.22036852850505104,-0.534108347892154,-0.6041621018717848,-0.5212851554436011,-0.9380561398817572,0.6180193150762361,-0.2502760021810156,0.023798901903113522,-0.6198972319256331,0.5499946171145964,-1.0089834445439032,0.24720237754896685,0.13185240790848066,8.38282812712504,0.8735486666428187,2,ULTRASPERSEÂ® A,Waxy Corn,SD/Agg Instant,22.0,24.0
63,0.5270104759160793,-0.2704555434247692,-1.1315594824089323,-0.006520853230236987,1.6017268743210251,-0.9161619670631629,0.7478596862201337,0.5910629397382287,-0.16800173886279446,-0.7815857921514282,0.7757339932518751,0.178432346637115,0.9329522747277965,-0.6090964559819622,-0.19998912362660798,-0.5218067485802182,0.8167582313488977,0.020516689129269794,0.48722117971788903,0.6786911795242013,0.007112501938510111,-1.2101897580680425,1.5793485232295104,0.13185240790848066,8.112526107644776,0.8032854643199109,2,INSTANT PUREFLOÂ® F,Waxy Corn,DD Instant,5.0,5.0
64,0.5270104759160793,-0.2704555434247692,-1.1315594824089323,-2.5783167041452244,-1.3059932363337095,-0.9161619670631629,0.7478596862201337,0.5172976444656667,-0.16800173886279446,-0.011902321707889728,1.0520764083389091,0.9210691983566709,-1.3364206802576473,-0.5297053262690039,-0.4955471555650694,-0.09212995755927479,0.8055221088741193,-0.7688954996368768,0.17492861684485447,-0.6067671569181095,0.0749727663355256,-2.5644630221727986,1.5793485232295104,0.13185240790848066,9.034761613785708,0.8962985503509231,2,PRECISAÂ® CRISP 330,Waxy Corn,DD Instant,49.0,32.0
65,0.5270104759160793,-0.9263102362298343,-1.1315594824089323,-0.1455368451715872,-0.1429051920718156,-0.9161619670631629,0.7478596862201337,0.09800017660057923,-0.16800173886279446,-0.20432318931877436,0.3059518876039081,0.0617846174607703,0.9822106055660399,-0.5135311430107223,-0.2772031232622001,1.6440328261597248,-0.172020546431702,0.11797257495747977,-0.3983422559203216,0.1348429763014192,-0.8185207148917802,-1.055415670741784,0.24720237754896685,0.13185240790848066,8.137471722427957,0.8544130766215692,2,NOVATIONÂ® 4600 (Control),Waxy Corn, SD Instant,8.0,15.0
66,0.5270104759160793,1.697108534990426,2.4177135909513403,-0.35406083308361375,0.2982661350620062,-0.9161619670631629,0.7478596862201337,0.63376916331708,-0.16800173886279446,-0.3326037677260308,0.7554688828121671,-0.48725364709176183,-0.6547370686700389,-0.6405404144592086,0.07798127506152396,1.6292626864683801,-0.29912918192764504,-0.008844279026378113,-0.37700333240480843,0.946524853231547,0.312483691725061,-1.055415670741784,-1.0849437681315766,0.13185240790848066,8.557534579758144,0.8669280671995554,2,NOVATIONÂ® Lumina 340,Waxy Corn,SD Instant,35.0,21.0
67,0.5270104759160793,1.697108534990426,-0.4217048677368779,-2.0917607323504974,-0.9049283934847805,-0.9161619670631629,0.7478596862201337,0.63376916331708,-0.16800173886279446,0.2446588351066231,-0.28357859791510387,0.27289054268916485,-0.33034246937313244,-0.03348705908802549,0.2710162741505042,1.4600774500038833,-0.008394512892724495,-0.2976671276745274,-0.13565859180305265,0.0346374208753806,0.312483691725061,-1.055415670741784,-1.0849437681315766,0.13185240790848066,8.360231442545373,0.8563214903341186,2,NOVATIONÂ® Indulge 2930,Waxy Corn,SD Instant,21.0,16.0
68,0.5270104759160793,-0.2704555434247692,-1.1315594824089323,-0.006520853230236987,0.2982661350620062,-0.9161619670631629,0.7478596862201337,0.63376916331708,-0.16800173886279446,0.2446588351066231,0.3004250393021803,-0.0037661134201763978,-1.0180696969022487,0.4943778800652014,0.24399137427804746,0.8826992620694908,-0.3159833656398137,0.0966741279175223,-0.636172839538616,-0.5645043660211767,0.312483691725061,-2.6031565440043676,-1.0849437681315766,0.13185240790848066,8.44252224340193,0.8868222642992478,2,NOVATIONÂ® 6260,Waxy Corn,DD Instant,28.0,29.0
69,0.5270104759160793,-0.2704555434247692,-1.1315594824089323,-0.21504484114226352,1.2006620314720962,-0.9161619670631629,0.7478596862201337,0.5483567161593769,-0.16800173886279446,-0.3326037677260308,1.1276100017960398,-1.082095993781604,0.6994027587789926,-0.6522771206603989,1.245628536217536,-0.19820641534257022,-0.6664099353220012,0.3454960330216301,0.12320538129082384,0.9319717329175997,-0.8185207148917802,-1.055415670741784,1.5793485232295104,0.13185240790848066,8.286589529503106,0.8341164084498819,2,INSTANT CLEARJELÂ®,Waxy Corn,DD Instant,15.0,8.0
70,0.5270104759160793,1.697108534990426,-1.1315594824089323,-0.1455368451715872,-0.1429051920718156,-0.9161619670631629,0.7478596862201337,0.09800017660057923,-0.16800173886279446,0.05223796749573848,-0.882320497270342,0.1049422415190346,-0.22687220056435467,0.2655645661745319,-0.3647123228492049,0.20461557623956428,-0.384804615797839,0.5252861847236281,0.2765937798213474,0.8609816285732047,-1.191752169075334,-1.1947123493354184,0.24720237754896685,0.13185240790848066,8.220459071743075,0.8672065952455479,2,NOVATIONÂ® 4600 (Control),Waxy Corn,SD Instant,13.0,22.0
71,1.4825247967358866,-0.2704555434247692,0.643077054271204,-0.35406083308361375,-1.6067918684704061,-0.9161619670631629,0.7478596862201337,0.41635566146110886,-0.16800173886279446,0.7577811487356487,-0.5562364474676396,0.20591479591949946,-0.9100765930263736,0.6870946624316898,-0.067009457587533,-0.16866613595988034,-0.4831206874521604,0.6301710946539651,-0.6652494383916007,0.3400494188953744,-0.7619704945609319,-0.6916965655250744,-1.0849437681315766,0.13185240790848066,8.258932886514819,0.8598038719988959,2,NOVATIONÂ® 8360,Waxy Rice,DD Instant,14.0,18.0
72,1.4825247967358866,-0.2704555434247692,0.2881497469351767,1.2098690762565816,1.2407685157569892,-0.9161619670631629,0.7478596862201337,0.63376916331708,-0.16800173886279446,0.5653602811247641,0.18620350773286312,0.07888480812536597,-1.3693945246447066,0.06825709962806399,0.08441577503115688,-0.1780653157634635,-0.3967429959272919,-0.025022960420950934,-0.4315303325232474,-0.14277661594335517,-0.10598793872317401,-0.5601385912977523,-1.0849437681315766,-2.1935446042956324,8.653411783581953,0.926002880393508,2,PURITYÂ® Alpha 865,Waxy Rice,DD Instant,39.0,35.0
73,0.5270104759160793,1.697108534990426,-1.1315594824089323,-0.1455368451715872,-0.1429051920718156,-0.9161619670631629,0.7478596862201337,0.09800017660057923,-0.16800173886279446,-0.20432318931877436,0.13461959024995201,0.301187286765101,-0.20978490143695727,-0.01734912525510362,-0.4972630222236387,1.0223442191512973,-0.5687961213223544,0.8071507391673209,0.3512410041239207,1.2694039050359662,1.2964575254817166,1.3513213871815322,0.24720237754896685,0.13185240790848066,7.940635426335192,0.760568667855074,2,NOVATIONÂ® 4600 (Control),Waxy Corn,SD Instant,2.0,2.0
74,0.04925331550617566,-0.2704555434247692,-0.06677756040085057,-1.7442207524971207,1.6017268743210251,0.4859516044603841,-0.13538986329181105,0.35035513411197455,-0.16800173886279446,-0.20432318931877436,0.35016667401784873,0.2637297262617029,-0.5690943418560924,-0.4028150663488641,-0.008241024531554269,0.6906874460820066,-0.621465445422883,-0.059238272845497555,0.21724112902273418,0.815806558909637,0.05235267820319129,-0.20415819044736327,1.5793485232295104,0.13185240790848066,8.522776762504122,0.9661100010999907,2,HOMECRAFTÂ® Express 390,Tapioca,DD Instant,32.0,41.0
75,0.04925331550617566,-0.2704555434247692,-1.841414097080987,1.0360990863298931,0.5288784197001404,0.4859516044603841,-0.13538986329181105,0.35035513411197455,-0.16800173886279446,0.3087991243102513,0.5214989713718049,0.1932932266194417,-0.9350201763111168,0.56615382610807,-0.11977235733851999,0.6060948278497583,-0.9845326528891967,-0.11588400361599008,0.17335076895135113,0.4751940460017989,0.1315229866663614,-0.1499872598831703,1.5793485232295104,0.13185240790848066,8.43265951081451,0.9363714712079807,2,PENPUREÂ® 55,Tapioca,DD Instant,27.0,36.0
76,-0.18962526469877614,-0.5983828898273017,0.2881497469351767,0.34101912662313977,-0.4236505820660658,0.626162961612739,-0.2237148182430052,0.09800017660057923,-0.16800173886279446,0.05223796749573848,-0.8786359317358567,0.4056205940381631,-0.609943707682351,0.0726848627932843,1.145679303355908,-1.167664675083574,1.1629712551030438,-0.29961385937314294,-0.3244394486374237,-0.9783143582022124,-0.5696997454360776,-0.23511300791261153,0.24720237754896685,0.13185240790848066,8.686804094969288,1.082728442677394,2,HOMECRAFTÂ® Create GF 10 (Control),Rice and Tapioca,Cook Up,40.0,56.0
77,0.5270104759160793,-0.5983828898273017,0.643077054271204,-0.35406083308361375,-0.20306491849915492,-0.9161619670631629,0.7478596862201337,0.63376916331708,-0.16800173886279446,-1.4871289733913384,0.9894387942525161,0.10270293083676563,-0.6345407191255459,-1.1034009369519877,0.9423491043155151,-1.2723983928949287,1.2711189339227968,0.007734846465819501,1.4456305979227007,-1.1533390026692325,0.0749727663355256,0.9411700557669501,-1.0849437681315766,0.13185240790848066,8.559647913272766,0.8844305800493392,2,NOVATIONÂ® Lumina 600,Waxy Corn,Cook Up,36.0,27.0
78,0.5270104759160793,-0.5983828898273017,0.643077054271204,-0.35406083308361375,-1.2257802677639236,-0.9161619670631629,0.7478596862201337,0.63376916331708,-0.16800173886279446,-1.3588483949840822,0.12540817641371277,0.338237699871724,-0.35016096866976515,-1.0983444733536198,0.7270078386651402,-0.7809555631647247,1.2956979518363774,1.390937195835974,1.9721032101532103,-0.2662638544640195,0.17676316293104258,0.9489087601332621,-1.0849437681315766,0.13185240790848066,8.444651833948653,0.8428638789808462,2,NOVATIONÂ® 2700,Waxy Corn,Cook Up,29.0,9.0
79,0.5270104759160793,-0.5983828898273017,-0.4217048677368779,-2.0917607323504974,0.49879855648647065,-0.9161619670631629,0.7478596862201337,0.63376916331708,-0.16800173886279446,-0.9740066597623128,-0.04039727263850241,-0.3406805842523762,-0.26074811818483384,-1.1609331034847925,-0.383586856093461,0.47047809068377305,1.3567943677929908,-0.6513868900931915,2.3925369516545096,-0.905006013771422,-0.976861331818133,-0.5601385912977523,-1.0849437681315766,0.13185240790848066,8.98616678683617,0.9441953408945,2,NOVATIONÂ® 2920,Waxy Corn,Cook Up,48.0,37.0
80,0.5270104759160793,-0.5983828898273017,0.643077054271204,-0.7016008129369905,-1.5065256577581738,-0.9161619670631629,0.7478596862201337,0.63376916331708,-0.16800173886279446,0.43707970271750773,-0.5028102472174858,0.6490947373102551,-0.10572482732481289,-1.0844044340763668,1.0229948372682443,-0.32173849276109145,1.1524373902829377,-0.2695981235012865,0.04677616149101412,-0.4155710917770469,-0.41135912850971235,0.3762446370261098,-1.0849437681315766,0.13185240790848066,8.18153354574936,0.8462209492793622,2,NOVATIONÂ® Uno 260,Waxy Corn,Cook Up,9.0,12.0
81,-0.18962526469877614,-0.5983828898273017,0.2881497469351767,0.34101912662313977,-0.3233843713538336,0.626162961612739,-0.2237148182430052,0.09800017660057923,-0.16800173886279446,-0.3326037677260308,-0.06803151414720712,0.14911773406923814,-0.7146743786317109,0.047656501276945276,0.5571370394668383,0.52150220961751,0.06815157146671115,-0.3426648367138751,0.013571931794863356,0.30104639457245824,0.08628281040169276,0.4536316806892389,0.24720237754896685,0.13185240790848066,8.202820109786863,1.0329104367898934,2,HOMECRAFTÂ® Create GF 10 (Control),Rice and Tapioca,Cook Up,10.0,51.0
82,0.5270104759160793,-0.5983828898273017,-0.06677756040085057,-0.35406083308361375,1.140502305044757,-0.9161619670631629,0.7478596862201337,0.2960017586479815,-0.16800173886279446,-0.20432318931877436,-0.1822530457165112,0.7394814593945422,-0.578887539541962,1.4249040693002648,0.751887905214388,-0.43721413034797,-0.5189358278405203,-0.4168135813218937,0.21986377273332555,-1.1420224830754762,-1.0221015080828142,-0.041645398754792895,-1.0849437681315766,0.13185240790848066,8.214517315877226,0.8629954920253392,2,HI FLOÂ®,Waxy Corn,Cook Up,11.0,20.0
83,0.5270104759160793,-0.5983828898273017,-0.06677756040085057,-0.35406083308361375,0.5990647671987028,-0.9161619670631629,0.7478596862201337,0.2960017586479815,-0.16800173886279446,-0.46088434613328716,0.018555775913392244,0.66924853345067,0.9234150803412523,-0.1641684108503827,0.7617541385011579,-0.49226646919752837,-0.8574240173932537,-0.4983765530215037,0.4919942469243739,-1.336374068448341,-1.2030622131415012,0.05121905364096038,0.24720237754896685,-2.1935446042956324,8.69435302003558,0.9632062004583817,2,COL FLOÂ® 67,Waxy Corn,Cook Up,43.0,40.0
84,0.5270104759160793,-0.5983828898273017,0.2881497469351767,-0.4930768250249639,-0.40359733992361935,-0.9161619670631629,0.7478596862201337,0.33482559826511926,-0.16800173886279446,-0.5891649245405436,0.0038175137754251267,0.9434623051793548,-0.13413675239201697,0.008202366544439399,0.7381609719458382,0.26369613500494404,-0.0617660946479277,-0.21755241338110898,0.5227273970399785,-1.0307486136323836,-1.225682301273848,-0.21189689481367535,-1.0849437681315766,0.13185240790848066,8.091871242052619,0.8580034500210886,2,AMIOCAÂ® ,Waxy Corn,Cook Up,4.0,17.0
85,-0.18962526469877614,-0.5983828898273017,0.2881497469351767,0.34101912662313977,-0.2431714027840478,0.626162961612739,-0.2237148182430052,0.09800017660057923,-0.16800173886279446,-0.20432318931877436,0.2506834045865118,-0.17680375705000728,1.2593459646924274,-0.9006302735492714,0.9749505708283209,-0.5392623682154442,1.2809505410882285,0.88596331653359,0.5506660620277078,1.4421119641204367,-0.04943771839232567,0.15956091476934636,0.24720237754896685,0.13185240790848066,8.4159415102832,0.9505540015958167,2,HOMECRAFTÂ® Create GF 10 (Control),Rice and Tapioca,Cook Up,24.0,39.0
86,0.5270104759160793,-0.5983828898273017,-1.4864867897449596,-0.35406083308361375,0.2982661350620062,-0.9161619670631629,0.7478596862201337,0.63376916331708,-0.15297299431650696,-1.615409551798595,2.2771944485581033,-2.782547096416867,2.1787186557779736,-1.9521850467672126,-1.071649386179516,1.653432005963308,0.13837733693408305,3.815602161812661,6.158404150008059,3.502514442733324,1.0363265119598344,1.6686082662003607,-1.0849437681315766,0.13185240790848066,12.086282976560668,0.875623901805236,2,NOVATIONÂ® 2560,Waxy Corn,Cook Up,58.0,26.0
87,0.5270104759160793,1.697108534990426,-1.1315594824089323,-0.1455368451715872,-0.1429051920718156,-0.9161619670631629,0.7478596862201337,0.09800017660057923,-0.16800173886279446,-0.20432318931877436,-0.38858871564816866,-0.021069877783159628,-0.39535190844187434,0.28921058003993677,0.20238160780775552,0.6571189467834954,0.7388076316801165,-0.20852531214111628,0.05771524243248968,0.1270642135275857,0.312483691725061,0.4923252025207992,0.24720237754896685,0.13185240790848066,7.768760095393026,0.7542415084894625,2,NOVATIONÂ® 4600 (Control),Waxy Corn,SD Instant,1.0,1.0
88,-0.18962526469877614,-0.5983828898273017,0.2881497469351767,0.34101912662313977,-0.34343761349628005,0.626162961612739,-0.2237148182430052,0.09800017660057923,-0.16800173886279446,-0.3326037677260308,-0.2227832665959535,-0.061173896365603275,-1.312564381771425,-0.3613103945035673,1.1615510699476683,-1.4362126694716637,1.3834801586705925,0.2961785217189896,0.3512410041239207,1.2694039050359662,-0.5244595691713965,1.3513213871815322,0.24720237754896685,0.13185240790848066,8.691495398965696,0.991668432076583,2,HOMECRAFTÂ® Create GF 10 (Control),Rice and Tapioca,Cook Up,42.0,46.0
89,1.96028195714579,-0.5983828898273017,-0.4217048677368779,-0.9796327968196921,0.4286122089879081,-0.9161619670631629,0.7478596862201337,-0.37565066672850134,0.27284143449497184,-1.1022872381695692,0.8991669386574185,0.12265315327879439,0.5645302128371007,-0.9858424766954579,0.2508548409123216,-0.6748791053814294,1.4284246485697107,0.29302768328802387,0.21724112902273418,0.815806558909637,-0.2530185115833596,-0.20415819044736327,-1.0849437681315766,0.13185240790848066,8.30173139232354,0.8437894523871103,2,HOMECRAFTÂ® Create 765,Waxy Wheat,Cook Up,17.0,11.0
90,1.0047676363259828,-0.5983828898273017,0.2881497469351767,0.44528112057915303,0.5288784197001404,-0.9161619670631629,0.7478596862201337,-0.022353726212548098,-0.16800173886279446,-0.7174455029478,0.8015259519933372,0.2728905426891634,-0.35795320591233987,-1.112409277442955,0.19294434118562825,-0.529863188411861,1.4298291638790575,-0.2405488173800483,0.17335076895135113,0.4751940460017989,0.41427408832057794,-0.1499872598831703,-1.0849437681315766,0.13185240790848066,8.120461323163033,0.8502680016870278,2,HOMECRAFTÂ® Gold,Waxy Maize/Waxy Wheat,Cook Up,7.0,14.0
91,0.7658890561210311,-0.5983828898273017,0.643077054271204,0.34101912662313977,-0.975114740983343,0.5735837026806058,-0.19059296013630758,0.63376916331708,-0.15297299431650696,-1.615409551798595,0.7959991036915962,-0.9827520289682423,0.26300464898854153,-1.3215444153214213,0.03637150859123202,-0.6131130666721688,1.453003666483291,4.487135815771727,-0.2855163365740559,-0.3631169799007392,0.6630950577762805,-0.20415819044736327,-1.0849437681315766,-2.1935446042956324,10.253423992277854,1.031441830916601,2,NOVATIONÂ® Indulge 1720,Waxy Maize/Potato,Cook Up,57.0,50.0
92,-0.18962526469877614,-0.5983828898273017,0.2881497469351767,0.34101912662313977,-0.34343761349628005,0.626162961612739,-0.2237148182430052,0.09800017660057923,-0.16800173886279446,-0.26846347852240254,0.3556935223195766,-0.35493074313953876,0.8763395252444491,-0.6123124744579478,0.5434101061982887,-1.0226487581140054,-0.9459084818821422,0.6329344363715242,0.5749929641069579,1.2965418754406157,0.6178548815116119,-0.010690581289536077,0.24720237754896685,0.13185240790848066,8.55028821824507,1.0419913803178404,2,HOMECRAFTÂ® Create GF 10 (Control),Rice and Tapioca,Cook Up,34.0,53.0
93,-0.18962526469877614,-0.5983828898273017,0.2881497469351767,0.34101912662313977,-0.34343761349628005,0.626162961612739,-0.2237148182430052,0.09800017660057923,-0.16800173886279446,-0.3326037677260308,-0.2227832665959535,-0.061173896365603275,-1.312564381771425,-0.3613103945035673,1.1615510699476683,-1.4362126694716637,1.3834801586705925,0.2961785217189896,0.3512410041239207,1.2694039050359662,-0.5244595691713965,1.3513213871815322,0.24720237754896685,0.13185240790848066,8.691495398965696,0.991668432076583,2,HOMECRAFTÂ® Create GF 10 (Control),Rice and Tapioca,Cook Up,42.0,46.0
94,1.96028195714579,-0.5983828898273017,-0.4217048677368779,-0.9796327968196921,0.4286122089879081,-0.9161619670631629,0.7478596862201337,-0.37565066672850134,0.27284143449497184,-1.1022872381695692,0.8991669386574185,0.12265315327879439,0.5645302128371007,-0.9858424766954579,0.2508548409123216,-0.6748791053814294,1.4284246485697107,0.29302768328802387,0.21724112902273418,0.815806558909637,-0.2530185115833596,-0.20415819044736327,-1.0849437681315766,0.13185240790848066,8.30173139232354,0.8437894523871103,2,HOMECRAFTÂ® Create 765,Waxy Wheat,Cook Up,17.0,11.0
95,1.0047676363259828,-0.5983828898273017,0.2881497469351767,0.44528112057915303,0.5288784197001404,-0.9161619670631629,0.7478596862201337,-0.022353726212548098,-0.16800173886279446,-0.7174455029478,0.8015259519933372,0.2728905426891634,-0.35795320591233987,-1.112409277442955,0.19294434118562825,-0.529863188411861,1.4298291638790575,-0.2405488173800483,0.17335076895135113,0.4751940460017989,0.41427408832057794,-0.1499872598831703,-1.0849437681315766,0.13185240790848066,8.120461323163033,0.8502680016870278,2,HOMECRAFTÂ® Gold,Waxy Maize/Waxy Wheat,Cook Up,7.0,14.0
96,0.7658890561210311,-0.5983828898273017,0.643077054271204,0.34101912662313977,-0.975114740983343,0.5735837026806058,-0.19059296013630758,0.63376916331708,-0.15297299431650696,-1.615409551798595,0.7959991036915962,-0.9827520289682423,0.26300464898854153,-1.3215444153214213,0.03637150859123202,-0.6131130666721688,1.453003666483291,4.487135815771727,-0.2855163365740559,-0.3631169799007392,0.6630950577762805,-0.20415819044736327,-1.0849437681315766,-2.1935446042956324,10.253423992277854,1.031441830916601,2,NOVATIONÂ® Indulge 1720,Waxy Maize/Potato,Cook Up,57.0,50.0
